dispatch_id,atm_id,engineer_id,issue_type,priority,reported_at,dispatched_at,arrived_at,completed_at,response_time_minutes,resolution_time_minutes,distance_km,route_optimized,status,customer_satisfaction
DISP-1761807491-5607,ATM-00009,ENG-028,printer,normal,2025-10-30T07:58:11.156876,2025-10-30T08:29:11.156876,2025-10-30T09:44:11.156876,2025-10-30T08:17:11.156876,106,19,27.6,TRUE,completed,4
DISP-1761807491-8059,ATM-00014,ENG-018,cash_dispenser,urgent,2025-10-30T07:58:11.156876,2025-10-30T08:35:11.156876,2025-10-30T09:54:11.156876,2025-10-30T08:32:11.156876,116,34,12.9,TRUE,completed,5
DISP-1761807491-8712,ATM-00019,ENG-020,cash_dispenser,normal,2025-10-30T07:58:11.156876,2025-10-30T08:05:11.156876,2025-10-30T09:09:11.156876,2025-10-30T08:51:11.156876,71,53,26.8,TRUE,completed,5
DISP-1761807491-9252,ATM-00026,ENG-019,printer,normal,2025-10-30T07:58:11.156876,2025-10-30T08:13:11.156876,2025-10-30T09:33:11.156876,2025-10-30T08:17:11.156876,95,19,26.9,TRUE,completed,4
DISP-1761807491-1358,ATM-00029,ENG-018,card_reader,urgent,2025-10-30T07:58:11.156876,2025-10-30T08:43:11.156876,2025-10-30T09:39:11.156876,2025-10-30T09:14:11.156876,101,76,29.8,TRUE,completed,3
DISP-1761807491-1961,ATM-00053,ENG-022,cash_dispenser,urgent,2025-10-30T07:58:11.156876,2025-10-30T08:10:11.156876,2025-10-30T09:23:11.156876,2025-10-30T08:40:11.156876,85,42,10.7,TRUE,completed,5
DISP-1761807491-7577,ATM-00075,ENG-001,cash_dispenser,urgent,2025-10-30T07:58:11.156876,2025-10-30T08:07:11.156876,2025-10-30T09:31:11.156876,2025-10-30T08:40:11.156876,93,42,24.5,TRUE,completed,3
DISP-1761807491-2142,ATM-00085,ENG-022,cash_dispenser,normal,2025-10-30T07:58:11.156876,2025-10-30T08:14:11.156876,2025-10-30T08:36:11.156876,2025-10-30T08:18:11.156876,38,20,15.3,FALSE,failed,5
DISP-1761807491-4140,ATM-00092,ENG-018,cash_dispenser,urgent,2025-10-30T07:58:11.156876,2025-10-30T08:03:11.156876,2025-10-30T09:18:11.156876,2025-10-30T08:43:11.156876,80,45,33.1,TRUE,completed,5
DISP-1761807491-9790,ATM-00097,ENG-013,cash_dispenser,low,2025-10-30T07:58:11.156876,2025-10-30T08:42:11.156876,2025-10-30T09:07:11.156876,2025-10-30T10:12:11.156876,69,134,32.7,TRUE,completed,4
DISP-1761721091-4823,ATM-00005,ENG-016,cash_dispenser,urgent,2025-10-29T07:58:11.156876,2025-10-29T08:23:11.156876,2025-10-29T09:04:11.156876,2025-10-29T08:38:11.156876,66,40,17.3,TRUE,completed,3
DISP-1761721091-6045,ATM-00013,ENG-030,cash_dispenser,urgent,2025-10-29T07:58:11.156876,2025-10-29T08:37:11.156876,2025-10-29T09:46:11.156876,2025-10-29T08:32:11.156876,108,34,22.2,FALSE,completed,3
DISP-1761721091-9774,ATM-00014,ENG-010,cash_dispenser,urgent,2025-10-29T07:58:11.156876,2025-10-29T08:04:11.156876,2025-10-29T08:45:11.156876,2025-10-29T08:44:11.156876,47,46,24.7,TRUE,failed,3
DISP-1761721091-5955,ATM-00015,ENG-006,cash_dispenser,low,2025-10-29T07:58:11.156876,2025-10-29T08:18:11.156876,2025-10-29T09:14:11.156876,2025-10-29T09:48:11.156876,76,110,24.7,TRUE,completed,3
DISP-1761721091-7857,ATM-00027,ENG-021,cash_dispenser,normal,2025-10-29T07:58:11.156876,2025-10-29T08:21:11.156876,2025-10-29T09:21:11.156876,2025-10-29T08:38:11.156876,83,40,16.8,TRUE,completed,3
DISP-1761721091-9824,ATM-00034,ENG-019,card_reader,urgent,2025-10-29T07:58:11.156876,2025-10-29T08:42:11.156876,2025-10-29T09:40:11.156876,2025-10-29T09:10:11.156876,102,72,16.5,FALSE,completed,5
DISP-1761721091-5449,ATM-00061,ENG-012,cash_dispenser,normal,2025-10-29T07:58:11.156876,2025-10-29T08:36:11.156876,2025-10-29T09:11:11.156876,2025-10-29T08:38:11.156876,73,40,9.7,TRUE,completed,4
DISP-1761721091-3403,ATM-00065,ENG-016,printer,normal,2025-10-29T07:58:11.156876,2025-10-29T08:18:11.156876,2025-10-29T08:39:11.156876,2025-10-29T08:14:11.156876,41,16,27.8,TRUE,completed,3
DISP-1761721091-2829,ATM-00071,ENG-025,printer,normal,2025-10-29T07:58:11.156876,2025-10-29T08:32:11.156876,2025-10-29T09:55:11.156876,2025-10-29T08:46:11.156876,117,48,15.7,TRUE,failed,4
DISP-1761721091-5441,ATM-00075,ENG-019,network,urgent,2025-10-29T07:58:11.156876,2025-10-29T08:43:11.156876,2025-10-29T09:46:11.156876,2025-10-29T09:58:11.156876,108,120,23.9,TRUE,completed,5
DISP-1761721091-1848,ATM-00076,ENG-027,printer,normal,2025-10-29T07:58:11.156876,2025-10-29T08:36:11.156876,2025-10-29T10:05:11.156876,2025-10-29T08:38:11.156876,127,40,5.4,TRUE,completed,5
DISP-1761721091-2526,ATM-00077,ENG-019,cash_dispenser,normal,2025-10-29T07:58:11.156876,2025-10-29T08:12:11.156876,2025-10-29T09:32:11.156876,2025-10-29T08:29:11.156876,94,31,12.8,FALSE,completed,3
DISP-1761721091-1891,ATM-00079,ENG-022,card_reader,urgent,2025-10-29T07:58:11.156876,2025-10-29T08:10:11.156876,2025-10-29T09:25:11.156876,2025-10-29T09:02:11.156876,87,64,32.9,TRUE,completed,4
DISP-1761721091-1785,ATM-00081,ENG-026,printer,normal,2025-10-29T07:58:11.156876,2025-10-29T08:05:11.156876,2025-10-29T09:17:11.156876,2025-10-29T08:17:11.156876,79,19,8.7,TRUE,completed,5
DISP-1761721091-8442,ATM-00099,ENG-006,printer,normal,2025-10-29T07:58:11.156876,2025-10-29T08:43:11.156876,2025-10-29T09:06:11.156876,2025-10-29T08:08:11.156876,68,10,7.3,FALSE,completed,4
DISP-1761721091-5849,ATM-00099,ENG-004,cash_dispenser,normal,2025-10-29T07:58:11.156876,2025-10-29T08:38:11.156876,2025-10-29T09:15:11.156876,2025-10-29T08:14:11.156876,77,16,29.5,TRUE,completed,3
DISP-1761634691-3413,ATM-00003,ENG-004,printer,normal,2025-10-28T07:58:11.156876,2025-10-28T08:04:11.156876,2025-10-28T09:17:11.156876,2025-10-28T08:25:11.156876,79,27,19,TRUE,failed,5
DISP-1761634691-5515,ATM-00009,ENG-023,cash_dispenser,low,2025-10-28T07:58:11.156876,2025-10-28T08:14:11.156876,2025-10-28T09:28:11.156876,2025-10-28T10:05:11.156876,90,127,4.9,TRUE,completed,5
DISP-1761634691-2805,ATM-00017,ENG-002,network,urgent,2025-10-28T07:58:11.156876,2025-10-28T08:10:11.156876,2025-10-28T09:14:11.156876,2025-10-28T09:52:11.156876,76,114,7.7,TRUE,completed,3
DISP-1761634691-9689,ATM-00019,ENG-015,network,urgent,2025-10-28T07:58:11.156876,2025-10-28T08:38:11.156876,2025-10-28T08:57:11.156876,2025-10-28T09:42:11.156876,59,104,6.4,FALSE,completed,4
DISP-1761634691-7902,ATM-00031,ENG-014,cash_dispenser,urgent,2025-10-28T07:58:11.156876,2025-10-28T08:06:11.156876,2025-10-28T08:43:11.156876,2025-10-28T08:41:11.156876,45,43,8.4,TRUE,completed,4
DISP-1761634691-7250,ATM-00031,ENG-021,printer,normal,2025-10-28T07:58:11.156876,2025-10-28T08:16:11.156876,2025-10-28T09:12:11.156876,2025-10-28T08:01:11.156876,74,3,22.8,FALSE,completed,5
DISP-1761634691-2330,ATM-00033,ENG-009,cash_dispenser,urgent,2025-10-28T07:58:11.156876,2025-10-28T08:34:11.156876,2025-10-28T08:49:11.156876,2025-10-28T09:10:11.156876,51,72,7.9,TRUE,completed,5
DISP-1761634691-3659,ATM-00033,ENG-014,network,urgent,2025-10-28T07:58:11.156876,2025-10-28T08:12:11.156876,2025-10-28T09:05:11.156876,2025-10-28T09:39:11.156876,67,101,23.7,TRUE,completed,3
DISP-1761634691-3559,ATM-00036,ENG-002,cash_dispenser,urgent,2025-10-28T07:58:11.156876,2025-10-28T08:40:11.156876,2025-10-28T09:06:11.156876,2025-10-28T08:55:11.156876,68,57,33.6,TRUE,completed,3
DISP-1761634691-8394,ATM-00036,ENG-014,printer,normal,2025-10-28T07:58:11.156876,2025-10-28T08:38:11.156876,2025-10-28T09:27:11.156876,2025-10-28T08:27:11.156876,89,29,15.4,TRUE,completed,3
DISP-1761634691-8354,ATM-00042,ENG-007,printer,normal,2025-10-28T07:58:11.156876,2025-10-28T08:42:11.156876,2025-10-28T09:45:11.156876,2025-10-28T08:35:11.156876,107,37,2,TRUE,completed,4
DISP-1761634691-6051,ATM-00046,ENG-023,printer,normal,2025-10-28T07:58:11.156876,2025-10-28T08:23:11.156876,2025-10-28T08:55:11.156876,2025-10-28T08:33:11.156876,57,35,3.4,TRUE,completed,4
DISP-1761634691-2296,ATM-00064,ENG-002,network,urgent,2025-10-28T07:58:11.156876,2025-10-28T08:19:11.156876,2025-10-28T09:38:11.156876,2025-10-28T09:54:11.156876,100,116,25.1,TRUE,completed,4
DISP-1761634691-7555,ATM-00065,ENG-005,cash_dispenser,normal,2025-10-28T07:58:11.156876,2025-10-28T08:04:11.156876,2025-10-28T08:50:11.156876,2025-10-28T08:29:11.156876,52,31,29.3,FALSE,completed,5
DISP-1761634691-2947,ATM-00066,ENG-027,network,urgent,2025-10-28T07:58:11.156876,2025-10-28T08:37:11.156876,2025-10-28T09:10:11.156876,2025-10-28T09:13:11.156876,72,75,13.6,TRUE,completed,4
DISP-1761634691-7052,ATM-00077,ENG-023,cash_dispenser,normal,2025-10-28T07:58:11.156876,2025-10-28T08:18:11.156876,2025-10-28T09:39:11.156876,2025-10-28T08:50:11.156876,101,52,11.1,TRUE,completed,3
DISP-1761634691-8010,ATM-00079,ENG-004,card_reader,urgent,2025-10-28T07:58:11.156876,2025-10-28T08:11:11.156876,2025-10-28T08:55:11.156876,2025-10-28T08:46:11.156876,57,48,3.3,TRUE,completed,5
DISP-1761634691-5648,ATM-00080,ENG-001,cash_dispenser,low,2025-10-28T07:58:11.156876,2025-10-28T08:36:11.156876,2025-10-28T09:43:11.156876,2025-10-28T09:48:11.156876,105,110,21.3,FALSE,completed,5
DISP-1761634691-3210,ATM-00082,ENG-028,card_reader,urgent,2025-10-28T07:58:11.156876,2025-10-28T08:34:11.156876,2025-10-28T09:11:11.156876,2025-10-28T08:52:11.156876,73,54,26.7,TRUE,completed,5
DISP-1761548291-3716,ATM-00006,ENG-019,cash_dispenser,low,2025-10-27T07:58:11.156876,2025-10-27T08:27:11.156876,2025-10-27T09:05:11.156876,2025-10-27T10:23:11.156876,67,145,33.7,TRUE,completed,4
DISP-1761548291-2190,ATM-00006,ENG-002,printer,normal,2025-10-27T07:58:11.156876,2025-10-27T08:29:11.156876,2025-10-27T09:34:11.156876,2025-10-27T08:34:11.156876,96,36,33.9,TRUE,completed,4
DISP-1761548291-6648,ATM-00007,ENG-013,cash_dispenser,low,2025-10-27T07:58:11.156876,2025-10-27T08:14:11.156876,2025-10-27T08:53:11.156876,2025-10-27T09:52:11.156876,55,114,14.4,TRUE,completed,5
DISP-1761548291-9981,ATM-00007,ENG-016,cash_dispenser,low,2025-10-27T07:58:11.156876,2025-10-27T08:12:11.156876,2025-10-27T09:42:11.156876,2025-10-27T10:06:11.156876,104,128,10.2,TRUE,completed,4
DISP-1761548291-9433,ATM-00009,ENG-001,card_reader,urgent,2025-10-27T07:58:11.156876,2025-10-27T08:28:11.156876,2025-10-27T09:54:11.156876,2025-10-27T08:43:11.156876,116,45,17.3,TRUE,completed,4
DISP-1761548291-5933,ATM-00029,ENG-002,network,urgent,2025-10-27T07:58:11.156876,2025-10-27T08:30:11.156876,2025-10-27T08:46:11.156876,2025-10-27T09:17:11.156876,48,79,6,FALSE,completed,5
DISP-1761548291-2567,ATM-00029,ENG-028,card_reader,urgent,2025-10-27T07:58:11.156876,2025-10-27T08:19:11.156876,2025-10-27T09:05:11.156876,2025-10-27T09:12:11.156876,67,74,12.8,TRUE,completed,5
DISP-1761548291-3065,ATM-00033,ENG-018,cash_dispenser,low,2025-10-27T07:58:11.156876,2025-10-27T08:08:11.156876,2025-10-27T08:42:11.156876,2025-10-27T10:02:11.156876,44,124,15.3,FALSE,completed,4
DISP-1761548291-8641,ATM-00053,ENG-013,printer,normal,2025-10-27T07:58:11.156876,2025-10-27T08:22:11.156876,2025-10-27T08:43:11.156876,2025-10-27T08:35:11.156876,45,37,32.7,FALSE,completed,5
DISP-1761548291-4716,ATM-00056,ENG-018,card_reader,urgent,2025-10-27T07:58:11.156876,2025-10-27T08:07:11.156876,2025-10-27T09:01:11.156876,2025-10-27T09:08:11.156876,63,70,30.1,TRUE,completed,5
DISP-1761548291-5923,ATM-00056,ENG-014,cash_dispenser,urgent,2025-10-27T07:58:11.156876,2025-10-27T08:07:11.156876,2025-10-27T08:49:11.156876,2025-10-27T08:32:11.156876,51,34,5.9,FALSE,completed,4
DISP-1761548291-9905,ATM-00057,ENG-023,cash_dispenser,urgent,2025-10-27T07:58:11.156876,2025-10-27T08:23:11.156876,2025-10-27T08:57:11.156876,2025-10-27T09:11:11.156876,59,73,17.5,FALSE,completed,4
DISP-1761548291-5868,ATM-00059,ENG-003,card_reader,urgent,2025-10-27T07:58:11.156876,2025-10-27T08:23:11.156876,2025-10-27T09:27:11.156876,2025-10-27T08:52:11.156876,89,54,7.3,TRUE,failed,3
DISP-1761548291-6398,ATM-00061,ENG-004,printer,normal,2025-10-27T07:58:11.156876,2025-10-27T08:21:11.156876,2025-10-27T08:37:11.156876,2025-10-27T08:31:11.156876,39,33,22.5,TRUE,completed,5
DISP-1761548291-6518,ATM-00078,ENG-005,cash_dispenser,urgent,2025-10-27T07:58:11.156876,2025-10-27T08:14:11.156876,2025-10-27T08:58:11.156876,2025-10-27T09:06:11.156876,60,68,29.4,FALSE,failed,4
DISP-1761548291-5276,ATM-00084,ENG-025,printer,normal,2025-10-27T07:58:11.156876,2025-10-27T08:30:11.156876,2025-10-27T08:58:11.156876,2025-10-27T08:15:11.156876,60,17,20.4,TRUE,completed,5
DISP-1761548291-7062,ATM-00085,ENG-024,cash_dispenser,urgent,2025-10-27T07:58:11.156876,2025-10-27T08:37:11.156876,2025-10-27T08:56:11.156876,2025-10-27T08:51:11.156876,58,53,15.3,FALSE,completed,4
DISP-1761548291-1045,ATM-00087,ENG-026,card_reader,urgent,2025-10-27T07:58:11.156876,2025-10-27T08:26:11.156876,2025-10-27T09:12:11.156876,2025-10-27T08:50:11.156876,74,52,16.8,TRUE,completed,5
DISP-1761548291-6459,ATM-00092,ENG-012,cash_dispenser,low,2025-10-27T07:58:11.156876,2025-10-27T08:30:11.156876,2025-10-27T09:58:11.156876,2025-10-27T10:05:11.156876,120,127,34.3,FALSE,completed,5
DISP-1761548291-6072,ATM-00096,ENG-028,card_reader,urgent,2025-10-27T07:58:11.156876,2025-10-27T08:21:11.156876,2025-10-27T08:36:11.156876,2025-10-27T08:50:11.156876,38,52,10.2,TRUE,completed,3
DISP-1761461891-4695,ATM-00008,ENG-007,network,urgent,2025-10-26T07:58:11.156876,2025-10-26T08:13:11.156876,2025-10-26T09:08:11.156876,2025-10-26T09:14:11.156876,70,76,33.8,TRUE,completed,5
DISP-1761461891-2588,ATM-00011,ENG-001,network,urgent,2025-10-26T07:58:11.156876,2025-10-26T08:23:11.156876,2025-10-26T09:29:11.156876,2025-10-26T09:18:11.156876,91,80,2.4,TRUE,completed,5
DISP-1761461891-9131,ATM-00012,ENG-008,cash_dispenser,normal,2025-10-26T07:58:11.156876,2025-10-26T08:13:11.156876,2025-10-26T08:37:11.156876,2025-10-26T08:43:11.156876,39,45,34.7,TRUE,completed,3
DISP-1761461891-1737,ATM-00017,ENG-017,cash_dispenser,urgent,2025-10-26T07:58:11.156876,2025-10-26T08:39:11.156876,2025-10-26T09:16:11.156876,2025-10-26T08:58:11.156876,78,60,6.8,TRUE,completed,5
DISP-1761461891-4248,ATM-00020,ENG-019,printer,normal,2025-10-26T07:58:11.156876,2025-10-26T08:41:11.156876,2025-10-26T09:05:11.156876,2025-10-26T08:28:11.156876,67,30,19,FALSE,completed,3
DISP-1761461891-5815,ATM-00031,ENG-001,cash_dispenser,urgent,2025-10-26T07:58:11.156876,2025-10-26T08:22:11.156876,2025-10-26T09:00:11.156876,2025-10-26T09:06:11.156876,62,68,30.1,TRUE,completed,4
DISP-1761461891-5438,ATM-00032,ENG-003,card_reader,urgent,2025-10-26T07:58:11.156876,2025-10-26T08:38:11.156876,2025-10-26T08:53:11.156876,2025-10-26T09:03:11.156876,55,65,18.3,FALSE,completed,5
DISP-1761461891-4694,ATM-00034,ENG-021,cash_dispenser,low,2025-10-26T07:58:11.156876,2025-10-26T08:29:11.156876,2025-10-26T09:00:11.156876,2025-10-26T10:21:11.156876,62,143,12.4,FALSE,failed,3
DISP-1761461891-6265,ATM-00041,ENG-011,cash_dispenser,low,2025-10-26T07:58:11.156876,2025-10-26T08:33:11.156876,2025-10-26T09:40:11.156876,2025-10-26T09:58:11.156876,102,120,4.5,TRUE,completed,4
DISP-1761461891-6853,ATM-00043,ENG-003,printer,normal,2025-10-26T07:58:11.156876,2025-10-26T08:43:11.156876,2025-10-26T09:02:11.156876,2025-10-26T08:20:11.156876,64,22,5,TRUE,failed,3
DISP-1761461891-6687,ATM-00049,ENG-006,cash_dispenser,normal,2025-10-26T07:58:11.156876,2025-10-26T08:37:11.156876,2025-10-26T10:07:11.156876,2025-10-26T08:45:11.156876,129,47,4.6,TRUE,completed,4
DISP-1761461891-6800,ATM-00056,ENG-027,printer,normal,2025-10-26T07:58:11.156876,2025-10-26T08:05:11.156876,2025-10-26T08:29:11.156876,2025-10-26T07:58:11.156876,31,0,18.8,TRUE,completed,3
DISP-1761461891-8403,ATM-00060,ENG-021,printer,normal,2025-10-26T07:58:11.156876,2025-10-26T08:09:11.156876,2025-10-26T09:05:11.156876,2025-10-26T08:04:11.156876,67,6,10.6,TRUE,completed,5
DISP-1761461891-2916,ATM-00062,ENG-016,printer,normal,2025-10-26T07:58:11.156876,2025-10-26T08:26:11.156876,2025-10-26T09:12:11.156876,2025-10-26T08:35:11.156876,74,37,32.4,FALSE,completed,4
DISP-1761461891-5670,ATM-00066,ENG-016,cash_dispenser,normal,2025-10-26T07:58:11.156876,2025-10-26T08:03:11.156876,2025-10-26T08:24:11.156876,2025-10-26T08:17:11.156876,26,19,2.4,FALSE,completed,3
DISP-1761461891-6107,ATM-00073,ENG-015,network,urgent,2025-10-26T07:58:11.156876,2025-10-26T08:22:11.156876,2025-10-26T09:17:11.156876,2025-10-26T09:27:11.156876,79,89,5.9,FALSE,completed,3
DISP-1761461891-3451,ATM-00079,ENG-008,cash_dispenser,normal,2025-10-26T07:58:11.156876,2025-10-26T08:41:11.156876,2025-10-26T10:05:11.156876,2025-10-26T08:29:11.156876,127,31,7.9,TRUE,completed,3
DISP-1761461891-7449,ATM-00087,ENG-026,cash_dispenser,low,2025-10-26T07:58:11.156876,2025-10-26T08:40:11.156876,2025-10-26T09:43:11.156876,2025-10-26T10:18:11.156876,105,140,27.4,TRUE,completed,3
DISP-1761461891-7090,ATM-00088,ENG-002,cash_dispenser,urgent,2025-10-26T07:58:11.156876,2025-10-26T08:18:11.156876,2025-10-26T09:38:11.156876,2025-10-26T08:38:11.156876,100,40,32.2,TRUE,completed,4
DISP-1761461891-8287,ATM-00091,ENG-027,cash_dispenser,urgent,2025-10-26T07:58:11.156876,2025-10-26T08:43:11.156876,2025-10-26T09:00:11.156876,2025-10-26T08:40:11.156876,62,42,19.6,FALSE,completed,3
DISP-1761461891-2483,ATM-00096,ENG-019,printer,normal,2025-10-26T07:58:11.156876,2025-10-26T08:41:11.156876,2025-10-26T09:39:11.156876,2025-10-26T08:15:11.156876,101,17,34,TRUE,completed,5
DISP-1761375491-4337,ATM-00010,ENG-016,printer,normal,2025-10-25T07:58:11.156876,2025-10-25T08:41:11.156876,2025-10-25T09:22:11.156876,2025-10-25T08:38:11.156876,84,40,25.8,TRUE,completed,3
DISP-1761375491-8674,ATM-00015,ENG-004,printer,normal,2025-10-25T07:58:11.156876,2025-10-25T08:06:11.156876,2025-10-25T08:45:11.156876,2025-10-25T08:09:11.156876,47,11,11.9,TRUE,completed,5
DISP-1761375491-8985,ATM-00017,ENG-010,printer,normal,2025-10-25T07:58:11.156876,2025-10-25T08:06:11.156876,2025-10-25T09:16:11.156876,2025-10-25T08:20:11.156876,78,22,3.4,TRUE,completed,4
DISP-1761375491-1672,ATM-00020,ENG-008,cash_dispenser,urgent,2025-10-25T07:58:11.156876,2025-10-25T08:05:11.156876,2025-10-25T08:41:11.156876,2025-10-25T08:56:11.156876,43,58,34.3,TRUE,completed,5
DISP-1761375491-5622,ATM-00025,ENG-015,printer,normal,2025-10-25T07:58:11.156876,2025-10-25T08:08:11.156876,2025-10-25T09:32:11.156876,2025-10-25T08:34:11.156876,94,36,30.6,FALSE,completed,3
DISP-1761375491-2642,ATM-00031,ENG-010,printer,normal,2025-10-25T07:58:11.156876,2025-10-25T08:27:11.156876,2025-10-25T09:30:11.156876,2025-10-25T08:23:11.156876,92,25,5.2,TRUE,completed,5
DISP-1761375491-3670,ATM-00038,ENG-009,network,urgent,2025-10-25T07:58:11.156876,2025-10-25T08:06:11.156876,2025-10-25T09:04:11.156876,2025-10-25T09:40:11.156876,66,102,28.4,FALSE,completed,3
DISP-1761375491-1529,ATM-00053,ENG-019,cash_dispenser,urgent,2025-10-25T07:58:11.156876,2025-10-25T08:41:11.156876,2025-10-25T09:47:11.156876,2025-10-25T08:47:11.156876,109,49,11.7,TRUE,completed,3
DISP-1761375491-6137,ATM-00065,ENG-011,cash_dispenser,urgent,2025-10-25T07:58:11.156876,2025-10-25T08:12:11.156876,2025-10-25T08:29:11.156876,2025-10-25T08:55:11.156876,31,57,9.5,TRUE,completed,4
DISP-1761375491-6953,ATM-00075,ENG-020,cash_dispenser,low,2025-10-25T07:58:11.156876,2025-10-25T08:33:11.156876,2025-10-25T09:22:11.156876,2025-10-25T10:27:11.156876,84,149,25.5,FALSE,completed,3
DISP-1761375491-4222,ATM-00077,ENG-008,cash_dispenser,urgent,2025-10-25T07:58:11.156876,2025-10-25T08:37:11.156876,2025-10-25T09:09:11.156876,2025-10-25T08:58:11.156876,71,60,4.6,TRUE,completed,5
DISP-1761375491-6553,ATM-00082,ENG-010,card_reader,urgent,2025-10-25T07:58:11.156876,2025-10-25T08:07:11.156876,2025-10-25T09:35:11.156876,2025-10-25T08:47:11.156876,97,49,26.1,TRUE,completed,4
DISP-1761375491-3167,ATM-00082,ENG-023,cash_dispenser,normal,2025-10-25T07:58:11.156876,2025-10-25T08:27:11.156876,2025-10-25T09:34:11.156876,2025-10-25T08:32:11.156876,96,34,30.8,FALSE,completed,5
DISP-1761375491-6952,ATM-00089,ENG-009,cash_dispenser,low,2025-10-25T07:58:11.156876,2025-10-25T08:27:11.156876,2025-10-25T08:42:11.156876,2025-10-25T10:26:11.156876,44,148,9.7,FALSE,completed,3
DISP-1761375491-1269,ATM-00090,ENG-020,cash_dispenser,low,2025-10-25T07:58:11.156876,2025-10-25T08:37:11.156876,2025-10-25T09:30:11.156876,2025-10-25T10:03:11.156876,92,125,6.3,TRUE,completed,4
DISP-1761375491-7361,ATM-00093,ENG-030,cash_dispenser,normal,2025-10-25T07:58:11.156876,2025-10-25T08:03:11.156876,2025-10-25T08:45:11.156876,2025-10-25T08:44:11.156876,47,46,19.1,FALSE,failed,3
DISP-1761375491-1680,ATM-00098,ENG-010,cash_dispenser,low,2025-10-25T07:58:11.156876,2025-10-25T08:28:11.156876,2025-10-25T09:13:11.156876,2025-10-25T09:43:11.156876,75,105,15.1,FALSE,completed,4
DISP-1761375491-9698,ATM-00100,ENG-016,cash_dispenser,urgent,2025-10-25T07:58:11.156876,2025-10-25T08:05:11.156876,2025-10-25T08:36:11.156876,2025-10-25T08:54:11.156876,38,56,31.3,FALSE,completed,4
DISP-1761289091-2977,ATM-00003,ENG-019,cash_dispenser,normal,2025-10-24T07:58:11.156876,2025-10-24T08:03:11.156876,2025-10-24T09:27:11.156876,2025-10-24T08:28:11.156876,89,30,2.4,FALSE,completed,3
DISP-1761289091-4887,ATM-00003,ENG-020,card_reader,urgent,2025-10-24T07:58:11.156876,2025-10-24T08:13:11.156876,2025-10-24T08:35:11.156876,2025-10-24T09:24:11.156876,37,86,23.1,FALSE,completed,5
DISP-1761289091-3589,ATM-00008,ENG-010,card_reader,urgent,2025-10-24T07:58:11.156876,2025-10-24T08:19:11.156876,2025-10-24T09:17:11.156876,2025-10-24T09:24:11.156876,79,86,24.7,TRUE,completed,4
DISP-1761289091-7007,ATM-00011,ENG-030,cash_dispenser,urgent,2025-10-24T07:58:11.156876,2025-10-24T08:39:11.156876,2025-10-24T09:53:11.156876,2025-10-24T08:28:11.156876,115,30,9.6,FALSE,completed,3
DISP-1761289091-1811,ATM-00013,ENG-006,cash_dispenser,normal,2025-10-24T07:58:11.156876,2025-10-24T08:28:11.156876,2025-10-24T08:48:11.156876,2025-10-24T08:17:11.156876,50,19,22.6,TRUE,completed,4
DISP-1761289091-5837,ATM-00014,ENG-014,cash_dispenser,low,2025-10-24T07:58:11.156876,2025-10-24T08:25:11.156876,2025-10-24T09:43:11.156876,2025-10-24T10:08:11.156876,105,130,23.8,FALSE,completed,5
DISP-1761289091-1718,ATM-00015,ENG-024,cash_dispenser,normal,2025-10-24T07:58:11.156876,2025-10-24T08:40:11.156876,2025-10-24T09:12:11.156876,2025-10-24T08:25:11.156876,74,27,12.5,TRUE,failed,4
DISP-1761289091-4688,ATM-00026,ENG-013,cash_dispenser,low,2025-10-24T07:58:11.156876,2025-10-24T08:21:11.156876,2025-10-24T09:18:11.156876,2025-10-24T10:26:11.156876,80,148,19,FALSE,completed,5
DISP-1761289091-7378,ATM-00029,ENG-025,cash_dispenser,low,2025-10-24T07:58:11.156876,2025-10-24T08:10:11.156876,2025-10-24T09:35:11.156876,2025-10-24T10:04:11.156876,97,126,13.5,TRUE,completed,4
DISP-1761289091-7654,ATM-00031,ENG-023,cash_dispenser,low,2025-10-24T07:58:11.156876,2025-10-24T08:24:11.156876,2025-10-24T09:29:11.156876,2025-10-24T10:00:11.156876,91,122,7.2,FALSE,completed,4
DISP-1761289091-9082,ATM-00043,ENG-016,cash_dispenser,normal,2025-10-24T07:58:11.156876,2025-10-24T08:12:11.156876,2025-10-24T08:42:11.156876,2025-10-24T08:54:11.156876,44,56,22.3,FALSE,completed,4
DISP-1761289091-7691,ATM-00046,ENG-021,network,urgent,2025-10-24T07:58:11.156876,2025-10-24T08:03:11.156876,2025-10-24T08:48:11.156876,2025-10-24T09:39:11.156876,50,101,5.4,TRUE,completed,5
DISP-1761289091-8334,ATM-00049,ENG-011,network,urgent,2025-10-24T07:58:11.156876,2025-10-24T08:30:11.156876,2025-10-24T08:48:11.156876,2025-10-24T09:31:11.156876,50,93,2.3,TRUE,completed,4
DISP-1761289091-3147,ATM-00050,ENG-015,printer,normal,2025-10-24T07:58:11.156876,2025-10-24T08:28:11.156876,2025-10-24T08:45:11.156876,2025-10-24T08:31:11.156876,47,33,8.5,TRUE,completed,5
DISP-1761289091-2163,ATM-00056,ENG-007,printer,normal,2025-10-24T07:58:11.156876,2025-10-24T08:26:11.156876,2025-10-24T08:44:11.156876,2025-10-24T08:34:11.156876,46,36,14.4,FALSE,completed,4
DISP-1761289091-7933,ATM-00059,ENG-006,card_reader,urgent,2025-10-24T07:58:11.156876,2025-10-24T08:17:11.156876,2025-10-24T08:43:11.156876,2025-10-24T08:44:11.156876,45,46,18.4,FALSE,completed,4
DISP-1761289091-2013,ATM-00060,ENG-009,network,urgent,2025-10-24T07:58:11.156876,2025-10-24T08:36:11.156876,2025-10-24T09:47:11.156876,2025-10-24T09:17:11.156876,109,79,14.3,FALSE,completed,3
DISP-1761289091-6347,ATM-00065,ENG-014,card_reader,urgent,2025-10-24T07:58:11.156876,2025-10-24T08:18:11.156876,2025-10-24T09:48:11.156876,2025-10-24T09:15:11.156876,110,77,12.2,TRUE,completed,4
DISP-1761289091-4502,ATM-00066,ENG-022,printer,normal,2025-10-24T07:58:11.156876,2025-10-24T08:19:11.156876,2025-10-24T09:20:11.156876,2025-10-24T08:25:11.156876,82,27,5.2,TRUE,completed,4
DISP-1761289091-6231,ATM-00071,ENG-016,printer,normal,2025-10-24T07:58:11.156876,2025-10-24T08:40:11.156876,2025-10-24T09:01:11.156876,2025-10-24T08:05:11.156876,63,7,25.8,FALSE,failed,3
DISP-1761289091-9708,ATM-00072,ENG-013,cash_dispenser,low,2025-10-24T07:58:11.156876,2025-10-24T08:36:11.156876,2025-10-24T10:04:11.156876,2025-10-24T10:16:11.156876,126,138,15.1,TRUE,failed,5
DISP-1761289091-4519,ATM-00078,ENG-026,printer,normal,2025-10-24T07:58:11.156876,2025-10-24T08:28:11.156876,2025-10-24T09:57:11.156876,2025-10-24T08:50:11.156876,119,52,16.2,TRUE,completed,3
DISP-1761289091-9108,ATM-00097,ENG-016,printer,normal,2025-10-24T07:58:11.156876,2025-10-24T08:15:11.156876,2025-10-24T09:11:11.156876,2025-10-24T08:11:11.156876,73,13,10.7,TRUE,completed,5
DISP-1761202691-8679,ATM-00009,ENG-027,cash_dispenser,urgent,2025-10-23T07:58:11.156876,2025-10-23T08:03:11.156876,2025-10-23T09:05:11.156876,2025-10-23T08:47:11.156876,67,49,3.6,FALSE,completed,5
DISP-1761202691-2453,ATM-00014,ENG-017,network,urgent,2025-10-23T07:58:11.156876,2025-10-23T08:33:11.156876,2025-10-23T09:48:11.156876,2025-10-23T09:54:11.156876,110,116,19.9,FALSE,completed,5
DISP-1761202691-4041,ATM-00014,ENG-026,cash_dispenser,normal,2025-10-23T07:58:11.156876,2025-10-23T08:09:11.156876,2025-10-23T09:36:11.156876,2025-10-23T08:57:11.156876,98,59,7.4,TRUE,completed,3
DISP-1761202691-3353,ATM-00018,ENG-024,printer,normal,2025-10-23T07:58:11.156876,2025-10-23T08:16:11.156876,2025-10-23T08:55:11.156876,2025-10-23T08:16:11.156876,57,18,24.8,TRUE,completed,5
DISP-1761202691-7633,ATM-00020,ENG-024,printer,normal,2025-10-23T07:58:11.156876,2025-10-23T08:11:11.156876,2025-10-23T08:52:11.156876,2025-10-23T08:32:11.156876,54,34,11.5,FALSE,completed,3
DISP-1761202691-3684,ATM-00024,ENG-011,printer,normal,2025-10-23T07:58:11.156876,2025-10-23T08:23:11.156876,2025-10-23T09:08:11.156876,2025-10-23T08:30:11.156876,70,32,28.9,TRUE,completed,4
DISP-1761202691-4061,ATM-00026,ENG-030,printer,normal,2025-10-23T07:58:11.156876,2025-10-23T08:27:11.156876,2025-10-23T09:57:11.156876,2025-10-23T08:12:11.156876,119,14,10.5,TRUE,completed,5
DISP-1761202691-9764,ATM-00026,ENG-023,printer,normal,2025-10-23T07:58:11.156876,2025-10-23T08:13:11.156876,2025-10-23T08:56:11.156876,2025-10-23T08:39:11.156876,58,41,30.6,TRUE,completed,3
DISP-1761202691-2538,ATM-00029,ENG-008,card_reader,urgent,2025-10-23T07:58:11.156876,2025-10-23T08:14:11.156876,2025-10-23T08:31:11.156876,2025-10-23T08:52:11.156876,33,54,10.3,TRUE,completed,5
DISP-1761202691-3870,ATM-00042,ENG-016,cash_dispenser,normal,2025-10-23T07:58:11.156876,2025-10-23T08:15:11.156876,2025-10-23T08:59:11.156876,2025-10-23T08:13:11.156876,61,15,19,FALSE,completed,4
DISP-1761202691-9606,ATM-00043,ENG-022,printer,normal,2025-10-23T07:58:11.156876,2025-10-23T08:34:11.156876,2025-10-23T08:58:11.156876,2025-10-23T08:18:11.156876,60,20,6.9,TRUE,completed,4
DISP-1761202691-2377,ATM-00051,ENG-001,cash_dispenser,normal,2025-10-23T07:58:11.156876,2025-10-23T08:24:11.156876,2025-10-23T09:20:11.156876,2025-10-23T08:31:11.156876,82,33,12.8,FALSE,completed,4
DISP-1761202691-6301,ATM-00067,ENG-029,printer,normal,2025-10-23T07:58:11.156876,2025-10-23T08:06:11.156876,2025-10-23T09:17:11.156876,2025-10-23T08:41:11.156876,79,43,16.4,TRUE,completed,3
DISP-1761202691-3036,ATM-00075,ENG-014,printer,normal,2025-10-23T07:58:11.156876,2025-10-23T08:38:11.156876,2025-10-23T09:21:11.156876,2025-10-23T08:30:11.156876,83,32,3,TRUE,completed,4
DISP-1761202691-3535,ATM-00081,ENG-011,cash_dispenser,low,2025-10-23T07:58:11.156876,2025-10-23T08:18:11.156876,2025-10-23T09:00:11.156876,2025-10-23T10:04:11.156876,62,126,8.1,TRUE,failed,5
DISP-1761202691-9073,ATM-00095,ENG-022,card_reader,urgent,2025-10-23T07:58:11.156876,2025-10-23T08:12:11.156876,2025-10-23T08:43:11.156876,2025-10-23T08:51:11.156876,45,53,16.8,TRUE,completed,3
DISP-1761116291-1553,ATM-00003,ENG-019,cash_dispenser,low,2025-10-22T07:58:11.156876,2025-10-22T08:29:11.156876,2025-10-22T09:48:11.156876,2025-10-22T09:50:11.156876,110,112,33.5,TRUE,completed,4
DISP-1761116291-1056,ATM-00012,ENG-025,card_reader,urgent,2025-10-22T07:58:11.156876,2025-10-22T08:04:11.156876,2025-10-22T09:15:11.156876,2025-10-22T09:20:11.156876,77,82,8.8,TRUE,completed,3
DISP-1761116291-3776,ATM-00015,ENG-019,cash_dispenser,urgent,2025-10-22T07:58:11.156876,2025-10-22T08:24:11.156876,2025-10-22T09:19:11.156876,2025-10-22T08:41:11.156876,81,43,22.6,TRUE,completed,4
DISP-1761116291-8748,ATM-00020,ENG-017,cash_dispenser,normal,2025-10-22T07:58:11.156876,2025-10-22T08:08:11.156876,2025-10-22T08:27:11.156876,2025-10-22T08:50:11.156876,29,52,28.1,FALSE,completed,4
DISP-1761116291-8116,ATM-00026,ENG-026,printer,normal,2025-10-22T07:58:11.156876,2025-10-22T08:20:11.156876,2025-10-22T08:37:11.156876,2025-10-22T08:39:11.156876,39,41,17.6,TRUE,completed,4
DISP-1761116291-3256,ATM-00029,ENG-003,printer,normal,2025-10-22T07:58:11.156876,2025-10-22T08:32:11.156876,2025-10-22T09:40:11.156876,2025-10-22T08:51:11.156876,102,53,14.3,TRUE,completed,4
DISP-1761116291-1655,ATM-00033,ENG-006,network,urgent,2025-10-22T07:58:11.156876,2025-10-22T08:13:11.156876,2025-10-22T08:29:11.156876,2025-10-22T09:48:11.156876,31,110,10.1,TRUE,completed,5
DISP-1761116291-5298,ATM-00039,ENG-017,network,urgent,2025-10-22T07:58:11.156876,2025-10-22T08:25:11.156876,2025-10-22T09:31:11.156876,2025-10-22T09:39:11.156876,93,101,33.2,TRUE,completed,4
DISP-1761116291-8957,ATM-00043,ENG-023,printer,normal,2025-10-22T07:58:11.156876,2025-10-22T08:20:11.156876,2025-10-22T09:15:11.156876,2025-10-22T08:40:11.156876,77,42,23.3,FALSE,completed,3
DISP-1761116291-8936,ATM-00046,ENG-020,printer,normal,2025-10-22T07:58:11.156876,2025-10-22T08:40:11.156876,2025-10-22T10:08:11.156876,2025-10-22T08:35:11.156876,130,37,26.7,TRUE,completed,5
DISP-1761116291-9291,ATM-00046,ENG-013,cash_dispenser,low,2025-10-22T07:58:11.156876,2025-10-22T08:07:11.156876,2025-10-22T08:54:11.156876,2025-10-22T10:24:11.156876,56,146,16.1,TRUE,completed,4
DISP-1761116291-5621,ATM-00049,ENG-018,cash_dispenser,low,2025-10-22T07:58:11.156876,2025-10-22T08:23:11.156876,2025-10-22T08:39:11.156876,2025-10-22T10:10:11.156876,41,132,21.7,TRUE,completed,4
DISP-1761116291-4546,ATM-00050,ENG-001,printer,normal,2025-10-22T07:58:11.156876,2025-10-22T08:30:11.156876,2025-10-22T09:22:11.156876,2025-10-22T08:03:11.156876,84,5,6.2,TRUE,failed,4
DISP-1761116291-3142,ATM-00050,ENG-018,cash_dispenser,low,2025-10-22T07:58:11.156876,2025-10-22T08:27:11.156876,2025-10-22T08:54:11.156876,2025-10-22T10:01:11.156876,56,123,5.3,TRUE,completed,5
DISP-1761116291-6399,ATM-00054,ENG-027,printer,normal,2025-10-22T07:58:11.156876,2025-10-22T08:07:11.156876,2025-10-22T08:35:11.156876,2025-10-22T08:53:11.156876,37,55,22.3,TRUE,completed,4
DISP-1761116291-2199,ATM-00058,ENG-019,card_reader,urgent,2025-10-22T07:58:11.156876,2025-10-22T08:04:11.156876,2025-10-22T08:19:11.156876,2025-10-22T08:48:11.156876,21,50,8,TRUE,completed,3
DISP-1761116291-9700,ATM-00059,ENG-012,printer,normal,2025-10-22T07:58:11.156876,2025-10-22T08:11:11.156876,2025-10-22T08:50:11.156876,2025-10-22T08:32:11.156876,52,34,25.2,TRUE,completed,3
DISP-1761116291-6587,ATM-00060,ENG-015,printer,normal,2025-10-22T07:58:11.156876,2025-10-22T08:43:11.156876,2025-10-22T09:18:11.156876,2025-10-22T08:09:11.156876,80,11,15.1,TRUE,completed,4
DISP-1761116291-9211,ATM-00074,ENG-004,card_reader,urgent,2025-10-22T07:58:11.156876,2025-10-22T08:07:11.156876,2025-10-22T09:27:11.156876,2025-10-22T08:48:11.156876,89,50,19.4,TRUE,completed,4
DISP-1761116291-8914,ATM-00085,ENG-014,printer,normal,2025-10-22T07:58:11.156876,2025-10-22T08:36:11.156876,2025-10-22T10:00:11.156876,2025-10-22T08:29:11.156876,122,31,3.9,TRUE,failed,4
DISP-1761116291-9555,ATM-00089,ENG-023,card_reader,urgent,2025-10-22T07:58:11.156876,2025-10-22T08:07:11.156876,2025-10-22T09:11:11.156876,2025-10-22T08:44:11.156876,73,46,3.6,TRUE,failed,3
DISP-1761116291-7063,ATM-00099,ENG-026,network,urgent,2025-10-22T07:58:11.156876,2025-10-22T08:19:11.156876,2025-10-22T09:47:11.156876,2025-10-22T09:33:11.156876,109,95,15.2,TRUE,failed,5
DISP-1761116291-7412,ATM-00100,ENG-028,cash_dispenser,normal,2025-10-22T07:58:11.156876,2025-10-22T08:37:11.156876,2025-10-22T09:26:11.156876,2025-10-22T08:20:11.156876,88,22,2.8,TRUE,completed,5
DISP-1761029891-7337,ATM-00019,ENG-030,card_reader,urgent,2025-10-21T07:58:11.156876,2025-10-21T08:31:11.156876,2025-10-21T09:20:11.156876,2025-10-21T09:17:11.156876,82,79,8.4,TRUE,completed,3
DISP-1761029891-3525,ATM-00025,ENG-029,printer,normal,2025-10-21T07:58:11.156876,2025-10-21T08:42:11.156876,2025-10-21T09:53:11.156876,2025-10-21T08:21:11.156876,115,23,8.6,TRUE,completed,5
DISP-1761029891-3305,ATM-00027,ENG-030,printer,normal,2025-10-21T07:58:11.156876,2025-10-21T08:06:11.156876,2025-10-21T09:34:11.156876,2025-10-21T08:14:11.156876,96,16,15.8,TRUE,completed,3
DISP-1761029891-6838,ATM-00028,ENG-021,cash_dispenser,urgent,2025-10-21T07:58:11.156876,2025-10-21T08:29:11.156876,2025-10-21T09:25:11.156876,2025-10-21T08:56:11.156876,87,58,31.7,TRUE,completed,4
DISP-1761029891-9179,ATM-00032,ENG-029,card_reader,urgent,2025-10-21T07:58:11.156876,2025-10-21T08:20:11.156876,2025-10-21T09:17:11.156876,2025-10-21T08:47:11.156876,79,49,24,TRUE,completed,4
DISP-1761029891-6768,ATM-00046,ENG-026,cash_dispenser,low,2025-10-21T07:58:11.156876,2025-10-21T08:25:11.156876,2025-10-21T09:43:11.156876,2025-10-21T09:50:11.156876,105,112,5.3,TRUE,completed,4
DISP-1761029891-1112,ATM-00052,ENG-008,cash_dispenser,urgent,2025-10-21T07:58:11.156876,2025-10-21T08:20:11.156876,2025-10-21T08:35:11.156876,2025-10-21T08:32:11.156876,37,34,3.7,TRUE,completed,4
DISP-1761029891-5770,ATM-00057,ENG-010,network,urgent,2025-10-21T07:58:11.156876,2025-10-21T08:36:11.156876,2025-10-21T09:07:11.156876,2025-10-21T09:25:11.156876,69,87,24.5,TRUE,completed,4
DISP-1761029891-2745,ATM-00063,ENG-020,cash_dispenser,urgent,2025-10-21T07:58:11.156876,2025-10-21T08:19:11.156876,2025-10-21T09:15:11.156876,2025-10-21T08:57:11.156876,77,59,7.1,TRUE,completed,4
DISP-1761029891-8738,ATM-00068,ENG-014,card_reader,urgent,2025-10-21T07:58:11.156876,2025-10-21T08:07:11.156876,2025-10-21T09:27:11.156876,2025-10-21T09:25:11.156876,89,87,32.8,FALSE,completed,3
DISP-1761029891-7660,ATM-00068,ENG-013,cash_dispenser,urgent,2025-10-21T07:58:11.156876,2025-10-21T08:15:11.156876,2025-10-21T09:37:11.156876,2025-10-21T08:33:11.156876,99,35,32.1,TRUE,completed,3
DISP-1761029891-1686,ATM-00071,ENG-015,printer,normal,2025-10-21T07:58:11.156876,2025-10-21T08:23:11.156876,2025-10-21T09:38:11.156876,2025-10-21T08:28:11.156876,100,30,26.1,TRUE,failed,4
DISP-1761029891-5887,ATM-00075,ENG-004,network,urgent,2025-10-21T07:58:11.156876,2025-10-21T08:15:11.156876,2025-10-21T08:35:11.156876,2025-10-21T09:36:11.156876,37,98,28.7,FALSE,completed,5
DISP-1761029891-3840,ATM-00087,ENG-028,cash_dispenser,normal,2025-10-21T07:58:11.156876,2025-10-21T08:29:11.156876,2025-10-21T08:51:11.156876,2025-10-21T08:21:11.156876,53,23,3.5,TRUE,completed,5
DISP-1761029891-4659,ATM-00090,ENG-022,printer,normal,2025-10-21T07:58:11.156876,2025-10-21T08:42:11.156876,2025-10-21T10:05:11.156876,2025-10-21T08:27:11.156876,127,29,3,TRUE,completed,5
DISP-1760943491-5409,ATM-00016,ENG-008,cash_dispenser,urgent,2025-10-20T07:58:11.156876,2025-10-20T08:07:11.156876,2025-10-20T08:49:11.156876,2025-10-20T08:41:11.156876,51,43,24,FALSE,completed,5
DISP-1760943491-8942,ATM-00020,ENG-005,cash_dispenser,urgent,2025-10-20T07:58:11.156876,2025-10-20T08:07:11.156876,2025-10-20T09:22:11.156876,2025-10-20T08:52:11.156876,84,54,30.6,TRUE,completed,4
DISP-1760943491-6515,ATM-00033,ENG-022,cash_dispenser,low,2025-10-20T07:58:11.156876,2025-10-20T08:11:11.156876,2025-10-20T09:00:11.156876,2025-10-20T10:13:11.156876,62,135,34.7,TRUE,completed,4
DISP-1760943491-9628,ATM-00034,ENG-020,card_reader,urgent,2025-10-20T07:58:11.156876,2025-10-20T08:27:11.156876,2025-10-20T09:16:11.156876,2025-10-20T09:27:11.156876,78,89,2.4,TRUE,completed,3
DISP-1760943491-9063,ATM-00036,ENG-020,cash_dispenser,normal,2025-10-20T07:58:11.156876,2025-10-20T08:25:11.156876,2025-10-20T09:28:11.156876,2025-10-20T08:56:11.156876,90,58,11.9,TRUE,failed,5
DISP-1760943491-4649,ATM-00057,ENG-024,printer,normal,2025-10-20T07:58:11.156876,2025-10-20T08:23:11.156876,2025-10-20T09:41:11.156876,2025-10-20T08:19:11.156876,103,21,20.9,TRUE,completed,5
DISP-1760943491-1739,ATM-00061,ENG-001,printer,normal,2025-10-20T07:58:11.156876,2025-10-20T08:43:11.156876,2025-10-20T10:08:11.156876,2025-10-20T08:25:11.156876,130,27,6.6,TRUE,completed,5
DISP-1760943491-5428,ATM-00064,ENG-008,cash_dispenser,low,2025-10-20T07:58:11.156876,2025-10-20T08:42:11.156876,2025-10-20T09:29:11.156876,2025-10-20T10:03:11.156876,91,125,6.9,TRUE,completed,3
DISP-1760943491-9690,ATM-00074,ENG-006,cash_dispenser,low,2025-10-20T07:58:11.156876,2025-10-20T08:08:11.156876,2025-10-20T09:08:11.156876,2025-10-20T10:15:11.156876,70,137,21.8,TRUE,completed,4
DISP-1760943491-8678,ATM-00080,ENG-001,cash_dispenser,normal,2025-10-20T07:58:11.156876,2025-10-20T08:42:11.156876,2025-10-20T08:59:11.156876,2025-10-20T08:17:11.156876,61,19,8.3,TRUE,completed,3
DISP-1760943491-8533,ATM-00090,ENG-015,printer,normal,2025-10-20T07:58:11.156876,2025-10-20T08:39:11.156876,2025-10-20T09:50:11.156876,2025-10-20T08:26:11.156876,112,28,17.5,TRUE,completed,5
DISP-1760943491-6058,ATM-00093,ENG-030,printer,normal,2025-10-20T07:58:11.156876,2025-10-20T08:26:11.156876,2025-10-20T08:55:11.156876,2025-10-20T08:15:11.156876,57,17,4.2,TRUE,completed,5
DISP-1760857091-4300,ATM-00014,ENG-007,card_reader,urgent,2025-10-19T07:58:11.156876,2025-10-19T08:36:11.156876,2025-10-19T09:11:11.156876,2025-10-19T09:01:11.156876,73,63,2.1,TRUE,completed,5
DISP-1760857091-7495,ATM-00017,ENG-028,cash_dispenser,low,2025-10-19T07:58:11.156876,2025-10-19T08:23:11.156876,2025-10-19T09:44:11.156876,2025-10-19T10:25:11.156876,106,147,25,TRUE,completed,5
DISP-1760857091-5009,ATM-00020,ENG-030,printer,normal,2025-10-19T07:58:11.156876,2025-10-19T08:29:11.156876,2025-10-19T09:04:11.156876,2025-10-19T08:02:11.156876,66,4,23.3,FALSE,failed,4
DISP-1760857091-9988,ATM-00026,ENG-019,printer,normal,2025-10-19T07:58:11.156876,2025-10-19T08:04:11.156876,2025-10-19T09:05:11.156876,2025-10-19T08:45:11.156876,67,47,14.4,TRUE,completed,4
DISP-1760857091-5792,ATM-00026,ENG-026,card_reader,urgent,2025-10-19T07:58:11.156876,2025-10-19T08:29:11.156876,2025-10-19T09:45:11.156876,2025-10-19T09:12:11.156876,107,74,32.6,FALSE,completed,4
DISP-1760857091-7290,ATM-00030,ENG-006,printer,normal,2025-10-19T07:58:11.156876,2025-10-19T08:15:11.156876,2025-10-19T08:30:11.156876,2025-10-19T08:37:11.156876,32,39,15.3,TRUE,completed,5
DISP-1760857091-2511,ATM-00036,ENG-026,printer,normal,2025-10-19T07:58:11.156876,2025-10-19T08:08:11.156876,2025-10-19T09:10:11.156876,2025-10-19T08:21:11.156876,72,23,34.4,TRUE,completed,3
DISP-1760857091-9202,ATM-00055,ENG-005,printer,normal,2025-10-19T07:58:11.156876,2025-10-19T08:32:11.156876,2025-10-19T09:56:11.156876,2025-10-19T08:33:11.156876,118,35,6.9,TRUE,completed,4
DISP-1760857091-6118,ATM-00056,ENG-003,cash_dispenser,normal,2025-10-19T07:58:11.156876,2025-10-19T08:24:11.156876,2025-10-19T09:51:11.156876,2025-10-19T08:57:11.156876,113,59,15.7,TRUE,completed,4
DISP-1760857091-3187,ATM-00057,ENG-004,cash_dispenser,urgent,2025-10-19T07:58:11.156876,2025-10-19T08:12:11.156876,2025-10-19T08:57:11.156876,2025-10-19T08:37:11.156876,59,39,17.2,FALSE,completed,3
DISP-1760857091-1441,ATM-00075,ENG-027,cash_dispenser,low,2025-10-19T07:58:11.156876,2025-10-19T08:31:11.156876,2025-10-19T09:50:11.156876,2025-10-19T10:15:11.156876,112,137,34.4,TRUE,completed,5
DISP-1760857091-1588,ATM-00084,ENG-014,printer,normal,2025-10-19T07:58:11.156876,2025-10-19T08:39:11.156876,2025-10-19T09:01:11.156876,2025-10-19T08:10:11.156876,63,12,25.4,TRUE,failed,4
DISP-1760857091-8340,ATM-00085,ENG-010,card_reader,urgent,2025-10-19T07:58:11.156876,2025-10-19T08:20:11.156876,2025-10-19T09:44:11.156876,2025-10-19T08:48:11.156876,106,50,3.8,TRUE,completed,4
DISP-1760857091-6291,ATM-00087,ENG-024,cash_dispenser,low,2025-10-19T07:58:11.156876,2025-10-19T08:31:11.156876,2025-10-19T10:00:11.156876,2025-10-19T10:17:11.156876,122,139,25.2,FALSE,completed,4
DISP-1760857091-6142,ATM-00091,ENG-027,printer,normal,2025-10-19T07:58:11.156876,2025-10-19T08:34:11.156876,2025-10-19T09:29:11.156876,2025-10-19T08:50:11.156876,91,52,8.7,TRUE,failed,5
DISP-1760857091-8412,ATM-00094,ENG-023,cash_dispenser,urgent,2025-10-19T07:58:11.156876,2025-10-19T08:37:11.156876,2025-10-19T08:57:11.156876,2025-10-19T09:06:11.156876,59,68,26.7,TRUE,completed,5
DISP-1760770691-9095,ATM-00005,ENG-030,printer,normal,2025-10-18T07:58:11.156876,2025-10-18T08:07:11.156876,2025-10-18T09:03:11.156876,2025-10-18T08:10:11.156876,65,12,21.9,TRUE,completed,5
DISP-1760770691-3746,ATM-00013,ENG-012,printer,normal,2025-10-18T07:58:11.156876,2025-10-18T08:41:11.156876,2025-10-18T09:45:11.156876,2025-10-18T08:17:11.156876,107,19,15.4,TRUE,completed,5
DISP-1760770691-7734,ATM-00014,ENG-015,network,urgent,2025-10-18T07:58:11.156876,2025-10-18T08:35:11.156876,2025-10-18T09:46:11.156876,2025-10-18T09:20:11.156876,108,82,8.8,FALSE,completed,3
DISP-1760770691-2298,ATM-00016,ENG-018,printer,normal,2025-10-18T07:58:11.156876,2025-10-18T08:33:11.156876,2025-10-18T09:39:11.156876,2025-10-18T08:23:11.156876,101,25,7,TRUE,completed,3
DISP-1760770691-6467,ATM-00024,ENG-027,card_reader,urgent,2025-10-18T07:58:11.156876,2025-10-18T08:10:11.156876,2025-10-18T08:28:11.156876,2025-10-18T08:48:11.156876,30,50,26.4,TRUE,completed,3
DISP-1760770691-9847,ATM-00026,ENG-029,network,urgent,2025-10-18T07:58:11.156876,2025-10-18T08:12:11.156876,2025-10-18T09:39:11.156876,2025-10-18T09:42:11.156876,101,104,19.3,TRUE,completed,3
DISP-1760770691-1435,ATM-00028,ENG-001,cash_dispenser,urgent,2025-10-18T07:58:11.156876,2025-10-18T08:35:11.156876,2025-10-18T09:07:11.156876,2025-10-18T09:02:11.156876,69,64,23.4,TRUE,completed,4
DISP-1760770691-2940,ATM-00033,ENG-024,printer,normal,2025-10-18T07:58:11.156876,2025-10-18T08:41:11.156876,2025-10-18T09:00:11.156876,2025-10-18T08:42:11.156876,62,44,3.6,TRUE,completed,3
DISP-1760770691-3358,ATM-00040,ENG-004,cash_dispenser,normal,2025-10-18T07:58:11.156876,2025-10-18T08:40:11.156876,2025-10-18T10:06:11.156876,2025-10-18T08:49:11.156876,128,51,14.8,TRUE,completed,4
DISP-1760770691-5977,ATM-00043,ENG-017,network,urgent,2025-10-18T07:58:11.156876,2025-10-18T08:35:11.156876,2025-10-18T09:45:11.156876,2025-10-18T09:28:11.156876,107,90,22,TRUE,completed,5
DISP-1760770691-7893,ATM-00043,ENG-025,printer,normal,2025-10-18T07:58:11.156876,2025-10-18T08:23:11.156876,2025-10-18T08:43:11.156876,2025-10-18T08:19:11.156876,45,21,18.2,TRUE,completed,5
DISP-1760770691-6543,ATM-00044,ENG-009,cash_dispenser,urgent,2025-10-18T07:58:11.156876,2025-10-18T08:17:11.156876,2025-10-18T08:56:11.156876,2025-10-18T08:32:11.156876,58,34,13.7,TRUE,completed,4
DISP-1760770691-3798,ATM-00045,ENG-004,cash_dispenser,low,2025-10-18T07:58:11.156876,2025-10-18T08:18:11.156876,2025-10-18T08:45:11.156876,2025-10-18T09:59:11.156876,47,121,29.7,TRUE,completed,3
DISP-1760770691-6574,ATM-00048,ENG-019,card_reader,urgent,2025-10-18T07:58:11.156876,2025-10-18T08:23:11.156876,2025-10-18T09:20:11.156876,2025-10-18T08:55:11.156876,82,57,22.9,TRUE,completed,4
DISP-1760770691-3080,ATM-00055,ENG-026,printer,normal,2025-10-18T07:58:11.156876,2025-10-18T08:05:11.156876,2025-10-18T09:05:11.156876,2025-10-18T08:33:11.156876,67,35,23.2,TRUE,completed,5
DISP-1760770691-5486,ATM-00077,ENG-004,network,urgent,2025-10-18T07:58:11.156876,2025-10-18T08:17:11.156876,2025-10-18T09:38:11.156876,2025-10-18T09:16:11.156876,100,78,25.5,FALSE,completed,4
DISP-1760770691-4428,ATM-00078,ENG-001,card_reader,urgent,2025-10-18T07:58:11.156876,2025-10-18T08:35:11.156876,2025-10-18T09:58:11.156876,2025-10-18T09:18:11.156876,120,80,5.5,FALSE,completed,4
DISP-1760770691-3496,ATM-00082,ENG-005,cash_dispenser,urgent,2025-10-18T07:58:11.156876,2025-10-18T08:06:11.156876,2025-10-18T08:34:11.156876,2025-10-18T08:34:11.156876,36,36,32.9,TRUE,completed,3
DISP-1760770691-9777,ATM-00084,ENG-030,cash_dispenser,low,2025-10-18T07:58:11.156876,2025-10-18T08:15:11.156876,2025-10-18T09:21:11.156876,2025-10-18T10:26:11.156876,83,148,34.7,FALSE,completed,4
DISP-1760770691-1613,ATM-00085,ENG-003,card_reader,urgent,2025-10-18T07:58:11.156876,2025-10-18T08:37:11.156876,2025-10-18T09:01:11.156876,2025-10-18T08:47:11.156876,63,49,21.2,TRUE,completed,5
DISP-1760684291-1875,ATM-00002,ENG-010,printer,normal,2025-10-17T07:58:11.156876,2025-10-17T08:31:11.156876,2025-10-17T09:54:11.156876,2025-10-17T08:51:11.156876,116,53,30.8,FALSE,completed,4
DISP-1760684291-6851,ATM-00003,ENG-007,printer,normal,2025-10-17T07:58:11.156876,2025-10-17T08:43:11.156876,2025-10-17T09:32:11.156876,2025-10-17T08:14:11.156876,94,16,16.1,FALSE,completed,4
DISP-1760684291-1405,ATM-00007,ENG-028,cash_dispenser,urgent,2025-10-17T07:58:11.156876,2025-10-17T08:39:11.156876,2025-10-17T09:31:11.156876,2025-10-17T08:43:11.156876,93,45,32.2,TRUE,completed,4
DISP-1760684291-1354,ATM-00008,ENG-011,card_reader,urgent,2025-10-17T07:58:11.156876,2025-10-17T08:30:11.156876,2025-10-17T09:23:11.156876,2025-10-17T09:09:11.156876,85,71,4.2,FALSE,completed,4
DISP-1760684291-9169,ATM-00013,ENG-013,printer,normal,2025-10-17T07:58:11.156876,2025-10-17T08:33:11.156876,2025-10-17T09:15:11.156876,2025-10-17T08:07:11.156876,77,9,18.7,FALSE,completed,5
DISP-1760684291-8422,ATM-00013,ENG-009,printer,normal,2025-10-17T07:58:11.156876,2025-10-17T08:34:11.156876,2025-10-17T09:35:11.156876,2025-10-17T08:12:11.156876,97,14,25.3,FALSE,completed,5
DISP-1760684291-4826,ATM-00017,ENG-021,card_reader,urgent,2025-10-17T07:58:11.156876,2025-10-17T08:12:11.156876,2025-10-17T09:23:11.156876,2025-10-17T09:21:11.156876,85,83,5.4,TRUE,completed,5
DISP-1760684291-3239,ATM-00020,ENG-030,printer,normal,2025-10-17T07:58:11.156876,2025-10-17T08:16:11.156876,2025-10-17T08:35:11.156876,2025-10-17T07:59:11.156876,37,1,20.6,FALSE,completed,5
DISP-1760684291-4715,ATM-00036,ENG-005,cash_dispenser,normal,2025-10-17T07:58:11.156876,2025-10-17T08:22:11.156876,2025-10-17T08:57:11.156876,2025-10-17T08:22:11.156876,59,24,9.5,TRUE,completed,5
DISP-1760684291-6684,ATM-00044,ENG-029,cash_dispenser,low,2025-10-17T07:58:11.156876,2025-10-17T08:26:11.156876,2025-10-17T08:49:11.156876,2025-10-17T09:58:11.156876,51,120,22.7,FALSE,completed,4
DISP-1760684291-8644,ATM-00061,ENG-002,printer,normal,2025-10-17T07:58:11.156876,2025-10-17T08:27:11.156876,2025-10-17T08:45:11.156876,2025-10-17T08:09:11.156876,47,11,32,FALSE,completed,4
DISP-1760684291-3894,ATM-00077,ENG-026,cash_dispenser,urgent,2025-10-17T07:58:11.156876,2025-10-17T08:19:11.156876,2025-10-17T09:23:11.156876,2025-10-17T09:02:11.156876,85,64,26,TRUE,completed,4
DISP-1760684291-2348,ATM-00079,ENG-019,card_reader,urgent,2025-10-17T07:58:11.156876,2025-10-17T08:37:11.156876,2025-10-17T09:28:11.156876,2025-10-17T08:48:11.156876,90,50,32.4,TRUE,completed,5
DISP-1760684291-2042,ATM-00082,ENG-030,cash_dispenser,low,2025-10-17T07:58:11.156876,2025-10-17T08:10:11.156876,2025-10-17T09:19:11.156876,2025-10-17T09:56:11.156876,81,118,16.6,TRUE,failed,3
DISP-1760684291-2540,ATM-00094,ENG-015,cash_dispenser,normal,2025-10-17T07:58:11.156876,2025-10-17T08:07:11.156876,2025-10-17T09:27:11.156876,2025-10-17T08:27:11.156876,89,29,15.3,TRUE,completed,4
DISP-1760597891-5912,ATM-00005,ENG-009,printer,normal,2025-10-16T07:58:11.156876,2025-10-16T08:09:11.156876,2025-10-16T08:53:11.156876,2025-10-16T08:30:11.156876,55,32,29.6,TRUE,completed,3
DISP-1760597891-4332,ATM-00012,ENG-018,cash_dispenser,normal,2025-10-16T07:58:11.156876,2025-10-16T08:40:11.156876,2025-10-16T09:27:11.156876,2025-10-16T08:24:11.156876,89,26,24.9,TRUE,completed,5
DISP-1760597891-3054,ATM-00014,ENG-009,printer,normal,2025-10-16T07:58:11.156876,2025-10-16T08:11:11.156876,2025-10-16T09:41:11.156876,2025-10-16T08:35:11.156876,103,37,19.7,FALSE,completed,3
DISP-1760597891-3483,ATM-00019,ENG-018,printer,normal,2025-10-16T07:58:11.156876,2025-10-16T08:15:11.156876,2025-10-16T08:33:11.156876,2025-10-16T08:12:11.156876,35,14,16,TRUE,completed,5
DISP-1760597891-7299,ATM-00027,ENG-029,printer,normal,2025-10-16T07:58:11.156876,2025-10-16T08:04:11.156876,2025-10-16T09:32:11.156876,2025-10-16T08:36:11.156876,94,38,25.3,FALSE,completed,3
DISP-1760597891-8412,ATM-00037,ENG-015,printer,normal,2025-10-16T07:58:11.156876,2025-10-16T08:29:11.156876,2025-10-16T09:32:11.156876,2025-10-16T08:41:11.156876,94,43,17.2,TRUE,completed,4
DISP-1760597891-2277,ATM-00052,ENG-023,card_reader,urgent,2025-10-16T07:58:11.156876,2025-10-16T08:29:11.156876,2025-10-16T09:39:11.156876,2025-10-16T08:58:11.156876,101,60,2,TRUE,completed,3
DISP-1760597891-1525,ATM-00053,ENG-025,printer,normal,2025-10-16T07:58:11.156876,2025-10-16T08:20:11.156876,2025-10-16T08:57:11.156876,2025-10-16T08:20:11.156876,59,22,6.4,TRUE,completed,5
DISP-1760597891-9916,ATM-00055,ENG-016,printer,normal,2025-10-16T07:58:11.156876,2025-10-16T08:17:11.156876,2025-10-16T09:06:11.156876,2025-10-16T08:11:11.156876,68,13,3.3,TRUE,completed,4
DISP-1760597891-4616,ATM-00074,ENG-025,printer,normal,2025-10-16T07:58:11.156876,2025-10-16T08:30:11.156876,2025-10-16T09:55:11.156876,2025-10-16T08:40:11.156876,117,42,31.4,TRUE,completed,3
DISP-1760597891-8411,ATM-00078,ENG-008,card_reader,urgent,2025-10-16T07:58:11.156876,2025-10-16T08:09:11.156876,2025-10-16T09:24:11.156876,2025-10-16T09:25:11.156876,86,87,22.3,TRUE,completed,4
DISP-1760597891-5494,ATM-00083,ENG-008,cash_dispenser,low,2025-10-16T07:58:11.156876,2025-10-16T08:28:11.156876,2025-10-16T08:58:11.156876,2025-10-16T10:17:11.156876,60,139,11.7,TRUE,completed,4
DISP-1760597891-5981,ATM-00084,ENG-002,card_reader,urgent,2025-10-16T07:58:11.156876,2025-10-16T08:07:11.156876,2025-10-16T09:20:11.156876,2025-10-16T09:26:11.156876,82,88,30.1,TRUE,completed,4
DISP-1760597891-1860,ATM-00092,ENG-024,cash_dispenser,urgent,2025-10-16T07:58:11.156876,2025-10-16T08:11:11.156876,2025-10-16T09:14:11.156876,2025-10-16T08:57:11.156876,76,59,5.6,TRUE,completed,3
DISP-1760597891-2089,ATM-00096,ENG-029,cash_dispenser,urgent,2025-10-16T07:58:11.156876,2025-10-16T08:27:11.156876,2025-10-16T09:09:11.156876,2025-10-16T09:01:11.156876,71,63,20.7,TRUE,completed,5
DISP-1760511491-6832,ATM-00001,ENG-012,network,urgent,2025-10-15T07:58:11.156876,2025-10-15T08:27:11.156876,2025-10-15T09:24:11.156876,2025-10-15T09:25:11.156876,86,87,21.2,FALSE,completed,5
DISP-1760511491-5304,ATM-00002,ENG-013,cash_dispenser,normal,2025-10-15T07:58:11.156876,2025-10-15T08:31:11.156876,2025-10-15T09:34:11.156876,2025-10-15T08:36:11.156876,96,38,28.8,FALSE,completed,3
DISP-1760511491-1040,ATM-00005,ENG-028,cash_dispenser,low,2025-10-15T07:58:11.156876,2025-10-15T08:38:11.156876,2025-10-15T09:34:11.156876,2025-10-15T09:48:11.156876,96,110,34.1,TRUE,completed,3
DISP-1760511491-5727,ATM-00008,ENG-016,cash_dispenser,low,2025-10-15T07:58:11.156876,2025-10-15T08:16:11.156876,2025-10-15T09:05:11.156876,2025-10-15T09:46:11.156876,67,108,32.5,FALSE,completed,4
DISP-1760511491-9739,ATM-00022,ENG-004,card_reader,urgent,2025-10-15T07:58:11.156876,2025-10-15T08:12:11.156876,2025-10-15T08:50:11.156876,2025-10-15T08:58:11.156876,52,60,32,FALSE,completed,4
DISP-1760511491-2083,ATM-00026,ENG-004,cash_dispenser,low,2025-10-15T07:58:11.156876,2025-10-15T08:18:11.156876,2025-10-15T09:02:11.156876,2025-10-15T10:24:11.156876,64,146,10.3,TRUE,completed,5
DISP-1760511491-8900,ATM-00062,ENG-015,cash_dispenser,normal,2025-10-15T07:58:11.156876,2025-10-15T08:08:11.156876,2025-10-15T09:10:11.156876,2025-10-15T08:57:11.156876,72,59,11.6,TRUE,completed,3
DISP-1760511491-8503,ATM-00067,ENG-026,printer,normal,2025-10-15T07:58:11.156876,2025-10-15T08:10:11.156876,2025-10-15T08:58:11.156876,2025-10-15T08:31:11.156876,60,33,19.4,TRUE,completed,3
DISP-1760511491-1132,ATM-00076,ENG-030,network,urgent,2025-10-15T07:58:11.156876,2025-10-15T08:07:11.156876,2025-10-15T08:39:11.156876,2025-10-15T09:55:11.156876,41,117,11.6,TRUE,completed,4
DISP-1760511491-7961,ATM-00079,ENG-009,network,urgent,2025-10-15T07:58:11.156876,2025-10-15T08:34:11.156876,2025-10-15T09:44:11.156876,2025-10-15T09:48:11.156876,106,110,5.1,FALSE,completed,4
DISP-1760511491-1979,ATM-00082,ENG-006,cash_dispenser,low,2025-10-15T07:58:11.156876,2025-10-15T08:35:11.156876,2025-10-15T08:56:11.156876,2025-10-15T10:21:11.156876,58,143,5.3,TRUE,completed,3
DISP-1760511491-4377,ATM-00084,ENG-023,cash_dispenser,normal,2025-10-15T07:58:11.156876,2025-10-15T08:08:11.156876,2025-10-15T09:02:11.156876,2025-10-15T08:56:11.156876,64,58,21.2,TRUE,failed,4
DISP-1760511491-8886,ATM-00092,ENG-005,cash_dispenser,urgent,2025-10-15T07:58:11.156876,2025-10-15T08:17:11.156876,2025-10-15T09:27:11.156876,2025-10-15T08:53:11.156876,89,55,19.7,FALSE,completed,3
DISP-1760511491-2271,ATM-00100,ENG-024,printer,normal,2025-10-15T07:58:11.156876,2025-10-15T08:34:11.156876,2025-10-15T09:59:11.156876,2025-10-15T08:38:11.156876,121,40,20.1,FALSE,completed,4
DISP-1760425091-6244,ATM-00013,ENG-027,card_reader,urgent,2025-10-14T07:58:11.156876,2025-10-14T08:43:11.156876,2025-10-14T10:05:11.156876,2025-10-14T09:10:11.156876,127,72,16,FALSE,completed,3
DISP-1760425091-1037,ATM-00022,ENG-008,printer,normal,2025-10-14T07:58:11.156876,2025-10-14T08:29:11.156876,2025-10-14T09:54:11.156876,2025-10-14T08:20:11.156876,116,22,6.7,TRUE,completed,3
DISP-1760425091-7099,ATM-00033,ENG-026,card_reader,urgent,2025-10-14T07:58:11.156876,2025-10-14T08:18:11.156876,2025-10-14T08:42:11.156876,2025-10-14T09:18:11.156876,44,80,33.1,FALSE,completed,3
DISP-1760425091-1864,ATM-00035,ENG-004,printer,normal,2025-10-14T07:58:11.156876,2025-10-14T08:28:11.156876,2025-10-14T08:47:11.156876,2025-10-14T08:01:11.156876,49,3,8.1,FALSE,failed,4
DISP-1760425091-1309,ATM-00036,ENG-008,network,urgent,2025-10-14T07:58:11.156876,2025-10-14T08:24:11.156876,2025-10-14T09:21:11.156876,2025-10-14T09:15:11.156876,83,77,24.3,TRUE,completed,4
DISP-1760425091-5739,ATM-00038,ENG-023,printer,normal,2025-10-14T07:58:11.156876,2025-10-14T08:09:11.156876,2025-10-14T08:36:11.156876,2025-10-14T08:11:11.156876,38,13,28,FALSE,completed,3
DISP-1760425091-2235,ATM-00052,ENG-001,network,urgent,2025-10-14T07:58:11.156876,2025-10-14T08:09:11.156876,2025-10-14T09:04:11.156876,2025-10-14T09:25:11.156876,66,87,10.5,TRUE,completed,3
DISP-1760425091-7953,ATM-00062,ENG-009,network,urgent,2025-10-14T07:58:11.156876,2025-10-14T08:09:11.156876,2025-10-14T09:15:11.156876,2025-10-14T09:15:11.156876,77,77,31.5,FALSE,completed,3
DISP-1760425091-3238,ATM-00064,ENG-030,cash_dispenser,urgent,2025-10-14T07:58:11.156876,2025-10-14T08:11:11.156876,2025-10-14T08:43:11.156876,2025-10-14T09:10:11.156876,45,72,11.2,FALSE,completed,5
DISP-1760425091-3885,ATM-00066,ENG-022,network,urgent,2025-10-14T07:58:11.156876,2025-10-14T08:11:11.156876,2025-10-14T08:49:11.156876,2025-10-14T09:50:11.156876,51,112,3.6,TRUE,completed,3
DISP-1760425091-2237,ATM-00087,ENG-002,cash_dispenser,low,2025-10-14T07:58:11.156876,2025-10-14T08:42:11.156876,2025-10-14T09:02:11.156876,2025-10-14T10:06:11.156876,64,128,5.8,FALSE,completed,3
DISP-1760338691-2655,ATM-00002,ENG-022,cash_dispenser,low,2025-10-13T07:58:11.156876,2025-10-13T08:17:11.156876,2025-10-13T09:45:11.156876,2025-10-13T09:46:11.156876,107,108,8.4,TRUE,completed,5
DISP-1760338691-4517,ATM-00004,ENG-020,cash_dispenser,urgent,2025-10-13T07:58:11.156876,2025-10-13T08:27:11.156876,2025-10-13T08:56:11.156876,2025-10-13T08:46:11.156876,58,48,7.2,TRUE,completed,4
DISP-1760338691-3068,ATM-00006,ENG-013,cash_dispenser,normal,2025-10-13T07:58:11.156876,2025-10-13T08:21:11.156876,2025-10-13T09:18:11.156876,2025-10-13T08:55:11.156876,80,57,9.1,FALSE,completed,4
DISP-1760338691-8015,ATM-00008,ENG-020,cash_dispenser,urgent,2025-10-13T07:58:11.156876,2025-10-13T08:42:11.156876,2025-10-13T09:53:11.156876,2025-10-13T09:02:11.156876,115,64,28.2,FALSE,completed,4
DISP-1760338691-5384,ATM-00009,ENG-030,cash_dispenser,normal,2025-10-13T07:58:11.156876,2025-10-13T08:30:11.156876,2025-10-13T09:09:11.156876,2025-10-13T08:49:11.156876,71,51,7.7,FALSE,completed,4
DISP-1760338691-8435,ATM-00021,ENG-019,cash_dispenser,normal,2025-10-13T07:58:11.156876,2025-10-13T08:18:11.156876,2025-10-13T09:28:11.156876,2025-10-13T08:52:11.156876,90,54,23,TRUE,completed,3
DISP-1760338691-6906,ATM-00029,ENG-015,cash_dispenser,urgent,2025-10-13T07:58:11.156876,2025-10-13T08:20:11.156876,2025-10-13T09:48:11.156876,2025-10-13T08:42:11.156876,110,44,7.9,TRUE,completed,4
DISP-1760338691-3909,ATM-00035,ENG-030,cash_dispenser,urgent,2025-10-13T07:58:11.156876,2025-10-13T08:08:11.156876,2025-10-13T09:05:11.156876,2025-10-13T08:37:11.156876,67,39,34.9,TRUE,completed,4
DISP-1760338691-5382,ATM-00045,ENG-014,printer,normal,2025-10-13T07:58:11.156876,2025-10-13T08:39:11.156876,2025-10-13T09:02:11.156876,2025-10-13T08:33:11.156876,64,35,18.1,TRUE,failed,4
DISP-1760338691-1992,ATM-00051,ENG-017,printer,normal,2025-10-13T07:58:11.156876,2025-10-13T08:18:11.156876,2025-10-13T09:38:11.156876,2025-10-13T08:14:11.156876,100,16,22.4,TRUE,completed,4
DISP-1760338691-4590,ATM-00054,ENG-016,network,urgent,2025-10-13T07:58:11.156876,2025-10-13T08:33:11.156876,2025-10-13T09:35:11.156876,2025-10-13T09:13:11.156876,97,75,10.2,TRUE,completed,3
DISP-1760338691-5436,ATM-00054,ENG-014,cash_dispenser,low,2025-10-13T07:58:11.156876,2025-10-13T08:21:11.156876,2025-10-13T09:32:11.156876,2025-10-13T10:15:11.156876,94,137,32.5,TRUE,completed,5
DISP-1760338691-4414,ATM-00058,ENG-014,printer,normal,2025-10-13T07:58:11.156876,2025-10-13T08:17:11.156876,2025-10-13T09:15:11.156876,2025-10-13T08:26:11.156876,77,28,20.5,TRUE,completed,4
DISP-1760338691-6555,ATM-00072,ENG-003,cash_dispenser,low,2025-10-13T07:58:11.156876,2025-10-13T08:11:11.156876,2025-10-13T09:39:11.156876,2025-10-13T09:57:11.156876,101,119,26.7,FALSE,completed,5
DISP-1760338691-3469,ATM-00085,ENG-007,cash_dispenser,normal,2025-10-13T07:58:11.156876,2025-10-13T08:27:11.156876,2025-10-13T09:45:11.156876,2025-10-13T08:26:11.156876,107,28,11.8,TRUE,completed,5
DISP-1760338691-4219,ATM-00099,ENG-008,printer,normal,2025-10-13T07:58:11.156876,2025-10-13T08:32:11.156876,2025-10-13T09:40:11.156876,2025-10-13T08:14:11.156876,102,16,26.6,TRUE,completed,4
DISP-1760252291-7730,ATM-00013,ENG-022,cash_dispenser,low,2025-10-12T07:58:11.156876,2025-10-12T08:16:11.156876,2025-10-12T09:07:11.156876,2025-10-12T09:52:11.156876,69,114,20.1,TRUE,completed,5
DISP-1760252291-7765,ATM-00019,ENG-022,printer,normal,2025-10-12T07:58:11.156876,2025-10-12T08:39:11.156876,2025-10-12T08:57:11.156876,2025-10-12T08:08:11.156876,59,10,27.9,TRUE,completed,4
DISP-1760252291-4872,ATM-00022,ENG-021,card_reader,urgent,2025-10-12T07:58:11.156876,2025-10-12T08:39:11.156876,2025-10-12T09:54:11.156876,2025-10-12T09:13:11.156876,116,75,22.3,TRUE,completed,5
DISP-1760252291-2575,ATM-00027,ENG-001,cash_dispenser,low,2025-10-12T07:58:11.156876,2025-10-12T08:07:11.156876,2025-10-12T09:15:11.156876,2025-10-12T09:53:11.156876,77,115,13.7,FALSE,failed,3
DISP-1760252291-9442,ATM-00033,ENG-023,printer,normal,2025-10-12T07:58:11.156876,2025-10-12T08:09:11.156876,2025-10-12T09:14:11.156876,2025-10-12T08:42:11.156876,76,44,23.6,TRUE,completed,3
DISP-1760252291-4411,ATM-00035,ENG-027,card_reader,urgent,2025-10-12T07:58:11.156876,2025-10-12T08:04:11.156876,2025-10-12T09:22:11.156876,2025-10-12T09:21:11.156876,84,83,17.6,TRUE,completed,3
DISP-1760252291-5487,ATM-00036,ENG-026,printer,normal,2025-10-12T07:58:11.156876,2025-10-12T08:03:11.156876,2025-10-12T08:30:11.156876,2025-10-12T08:29:11.156876,32,31,19.7,TRUE,completed,5
DISP-1760252291-3292,ATM-00046,ENG-028,cash_dispenser,normal,2025-10-12T07:58:11.156876,2025-10-12T08:04:11.156876,2025-10-12T09:30:11.156876,2025-10-12T08:18:11.156876,92,20,14.8,FALSE,completed,3
DISP-1760252291-7524,ATM-00062,ENG-020,network,urgent,2025-10-12T07:58:11.156876,2025-10-12T08:10:11.156876,2025-10-12T09:01:11.156876,2025-10-12T09:23:11.156876,63,85,27.9,TRUE,completed,4
DISP-1760252291-6297,ATM-00080,ENG-023,cash_dispenser,normal,2025-10-12T07:58:11.156876,2025-10-12T08:28:11.156876,2025-10-12T09:06:11.156876,2025-10-12T08:14:11.156876,68,16,23.2,TRUE,completed,5
DISP-1760252291-5858,ATM-00082,ENG-024,printer,normal,2025-10-12T07:58:11.156876,2025-10-12T08:13:11.156876,2025-10-12T09:17:11.156876,2025-10-12T08:10:11.156876,79,12,13.4,TRUE,completed,3
DISP-1760252291-8536,ATM-00083,ENG-012,card_reader,urgent,2025-10-12T07:58:11.156876,2025-10-12T08:41:11.156876,2025-10-12T09:09:11.156876,2025-10-12T09:04:11.156876,71,66,6.6,TRUE,completed,5
DISP-1760252291-1185,ATM-00085,ENG-005,cash_dispenser,urgent,2025-10-12T07:58:11.156876,2025-10-12T08:43:11.156876,2025-10-12T09:36:11.156876,2025-10-12T09:04:11.156876,98,66,9.1,TRUE,completed,5
DISP-1760252291-3974,ATM-00087,ENG-011,card_reader,urgent,2025-10-12T07:58:11.156876,2025-10-12T08:08:11.156876,2025-10-12T08:37:11.156876,2025-10-12T09:27:11.156876,39,89,23.2,TRUE,completed,4
DISP-1760252291-2448,ATM-00092,ENG-027,network,urgent,2025-10-12T07:58:11.156876,2025-10-12T08:39:11.156876,2025-10-12T09:52:11.156876,2025-10-12T09:32:11.156876,114,94,22.5,TRUE,completed,4
DISP-1760165891-4579,ATM-00013,ENG-027,card_reader,urgent,2025-10-11T07:58:11.156876,2025-10-11T08:38:11.156876,2025-10-11T09:21:11.156876,2025-10-11T08:56:11.156876,83,58,12.8,TRUE,completed,4
DISP-1760165891-6732,ATM-00024,ENG-026,printer,normal,2025-10-11T07:58:11.156876,2025-10-11T08:09:11.156876,2025-10-11T08:45:11.156876,2025-10-11T08:18:11.156876,47,20,27.9,TRUE,completed,5
DISP-1760165891-5458,ATM-00025,ENG-001,cash_dispenser,normal,2025-10-11T07:58:11.156876,2025-10-11T08:18:11.156876,2025-10-11T09:45:11.156876,2025-10-11T08:41:11.156876,107,43,26.1,FALSE,completed,3
DISP-1760165891-5459,ATM-00028,ENG-018,printer,normal,2025-10-11T07:58:11.156876,2025-10-11T08:17:11.156876,2025-10-11T09:01:11.156876,2025-10-11T08:53:11.156876,63,55,34.1,FALSE,completed,4
DISP-1760165891-5483,ATM-00035,ENG-007,cash_dispenser,urgent,2025-10-11T07:58:11.156876,2025-10-11T08:33:11.156876,2025-10-11T09:14:11.156876,2025-10-11T09:04:11.156876,76,66,19.6,FALSE,completed,5
DISP-1760165891-2451,ATM-00047,ENG-018,network,urgent,2025-10-11T07:58:11.156876,2025-10-11T08:37:11.156876,2025-10-11T09:25:11.156876,2025-10-11T09:18:11.156876,87,80,26,TRUE,completed,4
DISP-1760165891-1617,ATM-00052,ENG-017,printer,normal,2025-10-11T07:58:11.156876,2025-10-11T08:41:11.156876,2025-10-11T09:23:11.156876,2025-10-11T08:09:11.156876,85,11,4.4,FALSE,completed,3
DISP-1760165891-5635,ATM-00054,ENG-006,printer,normal,2025-10-11T07:58:11.156876,2025-10-11T08:28:11.156876,2025-10-11T08:44:11.156876,2025-10-11T08:01:11.156876,46,3,21.1,TRUE,completed,3
DISP-1760165891-6104,ATM-00058,ENG-021,cash_dispenser,low,2025-10-11T07:58:11.156876,2025-10-11T08:04:11.156876,2025-10-11T08:25:11.156876,2025-10-11T09:53:11.156876,27,115,23.7,TRUE,completed,3
DISP-1760165891-7835,ATM-00058,ENG-023,cash_dispenser,low,2025-10-11T07:58:11.156876,2025-10-11T08:12:11.156876,2025-10-11T09:34:11.156876,2025-10-11T10:19:11.156876,96,141,30.2,TRUE,completed,5
DISP-1760165891-1648,ATM-00060,ENG-013,card_reader,urgent,2025-10-11T07:58:11.156876,2025-10-11T08:05:11.156876,2025-10-11T08:29:11.156876,2025-10-11T08:49:11.156876,31,51,10.1,FALSE,failed,3
DISP-1760165891-6392,ATM-00063,ENG-001,cash_dispenser,normal,2025-10-11T07:58:11.156876,2025-10-11T08:19:11.156876,2025-10-11T09:38:11.156876,2025-10-11T08:46:11.156876,100,48,12,FALSE,completed,3
DISP-1760165891-4235,ATM-00070,ENG-028,cash_dispenser,low,2025-10-11T07:58:11.156876,2025-10-11T08:16:11.156876,2025-10-11T09:11:11.156876,2025-10-11T10:21:11.156876,73,143,4.5,FALSE,completed,5
DISP-1760165891-2633,ATM-00070,ENG-028,cash_dispenser,normal,2025-10-11T07:58:11.156876,2025-10-11T08:09:11.156876,2025-10-11T09:26:11.156876,2025-10-11T08:46:11.156876,88,48,8.8,TRUE,completed,4
DISP-1760165891-2415,ATM-00075,ENG-004,cash_dispenser,urgent,2025-10-11T07:58:11.156876,2025-10-11T08:33:11.156876,2025-10-11T09:00:11.156876,2025-10-11T09:10:11.156876,62,72,28.1,FALSE,completed,5
DISP-1760165891-6069,ATM-00079,ENG-013,printer,normal,2025-10-11T07:58:11.156876,2025-10-11T08:09:11.156876,2025-10-11T09:38:11.156876,2025-10-11T08:31:11.156876,100,33,32.6,TRUE,failed,4
DISP-1760165891-3647,ATM-00079,ENG-030,network,urgent,2025-10-11T07:58:11.156876,2025-10-11T08:32:11.156876,2025-10-11T08:47:11.156876,2025-10-11T09:32:11.156876,49,94,34,TRUE,completed,3
DISP-1760165891-2953,ATM-00084,ENG-012,printer,normal,2025-10-11T07:58:11.156876,2025-10-11T08:21:11.156876,2025-10-11T08:47:11.156876,2025-10-11T08:39:11.156876,49,41,6.4,TRUE,completed,4
DISP-1760165891-8939,ATM-00089,ENG-001,network,urgent,2025-10-11T07:58:11.156876,2025-10-11T08:23:11.156876,2025-10-11T08:55:11.156876,2025-10-11T09:36:11.156876,57,98,32.8,FALSE,failed,3
DISP-1760165891-9357,ATM-00095,ENG-025,cash_dispenser,urgent,2025-10-11T07:58:11.156876,2025-10-11T08:30:11.156876,2025-10-11T09:45:11.156876,2025-10-11T08:52:11.156876,107,54,14.2,TRUE,completed,3
DISP-1760079491-4913,ATM-00005,ENG-018,cash_dispenser,normal,2025-10-10T07:58:11.156876,2025-10-10T08:41:11.156876,2025-10-10T09:05:11.156876,2025-10-10T08:56:11.156876,67,58,20.3,TRUE,completed,5
DISP-1760079491-2821,ATM-00008,ENG-015,printer,normal,2025-10-10T07:58:11.156876,2025-10-10T08:34:11.156876,2025-10-10T09:27:11.156876,2025-10-10T08:12:11.156876,89,14,23.7,TRUE,completed,4
DISP-1760079491-3486,ATM-00010,ENG-007,card_reader,urgent,2025-10-10T07:58:11.156876,2025-10-10T08:13:11.156876,2025-10-10T08:59:11.156876,2025-10-10T09:21:11.156876,61,83,5.9,FALSE,completed,5
DISP-1760079491-6497,ATM-00017,ENG-029,cash_dispenser,urgent,2025-10-10T07:58:11.156876,2025-10-10T08:18:11.156876,2025-10-10T08:43:11.156876,2025-10-10T08:44:11.156876,45,46,9.2,FALSE,completed,4
DISP-1760079491-2088,ATM-00019,ENG-013,printer,normal,2025-10-10T07:58:11.156876,2025-10-10T08:14:11.156876,2025-10-10T09:18:11.156876,2025-10-10T08:18:11.156876,80,20,15.4,FALSE,completed,3
DISP-1760079491-9140,ATM-00020,ENG-014,cash_dispenser,urgent,2025-10-10T07:58:11.156876,2025-10-10T08:23:11.156876,2025-10-10T09:00:11.156876,2025-10-10T08:47:11.156876,62,49,26.4,TRUE,completed,5
DISP-1760079491-8971,ATM-00020,ENG-009,network,urgent,2025-10-10T07:58:11.156876,2025-10-10T08:26:11.156876,2025-10-10T09:17:11.156876,2025-10-10T09:55:11.156876,79,117,25.8,FALSE,completed,5
DISP-1760079491-9529,ATM-00021,ENG-014,printer,normal,2025-10-10T07:58:11.156876,2025-10-10T08:37:11.156876,2025-10-10T09:27:11.156876,2025-10-10T08:09:11.156876,89,11,19.3,TRUE,completed,5
DISP-1760079491-4619,ATM-00029,ENG-001,cash_dispenser,urgent,2025-10-10T07:58:11.156876,2025-10-10T08:21:11.156876,2025-10-10T09:40:11.156876,2025-10-10T09:08:11.156876,102,70,34.4,FALSE,completed,5
DISP-1760079491-8396,ATM-00035,ENG-008,cash_dispenser,urgent,2025-10-10T07:58:11.156876,2025-10-10T08:24:11.156876,2025-10-10T09:34:11.156876,2025-10-10T08:28:11.156876,96,30,13.5,TRUE,completed,4
DISP-1760079491-5853,ATM-00039,ENG-011,network,urgent,2025-10-10T07:58:11.156876,2025-10-10T08:26:11.156876,2025-10-10T09:45:11.156876,2025-10-10T09:29:11.156876,107,91,31.3,TRUE,completed,5
DISP-1760079491-3556,ATM-00042,ENG-029,cash_dispenser,low,2025-10-10T07:58:11.156876,2025-10-10T08:08:11.156876,2025-10-10T09:21:11.156876,2025-10-10T10:26:11.156876,83,148,14.9,FALSE,completed,4
DISP-1760079491-5243,ATM-00043,ENG-019,printer,normal,2025-10-10T07:58:11.156876,2025-10-10T08:26:11.156876,2025-10-10T08:44:11.156876,2025-10-10T08:22:11.156876,46,24,14.6,FALSE,completed,3
DISP-1760079491-5496,ATM-00053,ENG-020,printer,normal,2025-10-10T07:58:11.156876,2025-10-10T08:08:11.156876,2025-10-10T09:00:11.156876,2025-10-10T08:21:11.156876,62,23,5.7,FALSE,failed,4
DISP-1760079491-3949,ATM-00062,ENG-027,network,urgent,2025-10-10T07:58:11.156876,2025-10-10T08:35:11.156876,2025-10-10T09:43:11.156876,2025-10-10T09:36:11.156876,105,98,10.6,TRUE,completed,3
DISP-1760079491-7747,ATM-00068,ENG-018,cash_dispenser,low,2025-10-10T07:58:11.156876,2025-10-10T08:03:11.156876,2025-10-10T08:18:11.156876,2025-10-10T09:59:11.156876,20,121,15.5,TRUE,completed,3
DISP-1760079491-9786,ATM-00072,ENG-016,cash_dispenser,urgent,2025-10-10T07:58:11.156876,2025-10-10T08:34:11.156876,2025-10-10T09:06:11.156876,2025-10-10T09:10:11.156876,68,72,6.6,TRUE,completed,5
DISP-1760079491-6753,ATM-00077,ENG-018,printer,normal,2025-10-10T07:58:11.156876,2025-10-10T08:10:11.156876,2025-10-10T08:40:11.156876,2025-10-10T08:22:11.156876,42,24,30.7,TRUE,completed,3
DISP-1760079491-3965,ATM-00080,ENG-008,cash_dispenser,low,2025-10-10T07:58:11.156876,2025-10-10T08:38:11.156876,2025-10-10T09:11:11.156876,2025-10-10T10:22:11.156876,73,144,7.8,FALSE,completed,4
DISP-1760079491-3548,ATM-00092,ENG-004,card_reader,urgent,2025-10-10T07:58:11.156876,2025-10-10T08:33:11.156876,2025-10-10T09:29:11.156876,2025-10-10T09:05:11.156876,91,67,19.4,TRUE,completed,5
DISP-1760079491-1021,ATM-00095,ENG-016,card_reader,urgent,2025-10-10T07:58:11.156876,2025-10-10T08:22:11.156876,2025-10-10T08:41:11.156876,2025-10-10T08:56:11.156876,43,58,11,FALSE,completed,4
DISP-1760079491-4738,ATM-00099,ENG-001,card_reader,urgent,2025-10-10T07:58:11.156876,2025-10-10T08:31:11.156876,2025-10-10T09:00:11.156876,2025-10-10T09:20:11.156876,62,82,14.3,TRUE,completed,3
DISP-1759993091-6151,ATM-00001,ENG-004,network,urgent,2025-10-09T07:58:11.156876,2025-10-09T08:25:11.156876,2025-10-09T08:43:11.156876,2025-10-09T09:42:11.156876,45,104,8.4,TRUE,failed,3
DISP-1759993091-3150,ATM-00009,ENG-012,card_reader,urgent,2025-10-09T07:58:11.156876,2025-10-09T08:13:11.156876,2025-10-09T09:35:11.156876,2025-10-09T08:58:11.156876,97,60,32.5,FALSE,failed,4
DISP-1759993091-9017,ATM-00019,ENG-016,cash_dispenser,low,2025-10-09T07:58:11.156876,2025-10-09T08:10:11.156876,2025-10-09T09:11:11.156876,2025-10-09T09:44:11.156876,73,106,20.4,FALSE,completed,5
DISP-1759993091-3091,ATM-00023,ENG-025,cash_dispenser,low,2025-10-09T07:58:11.156876,2025-10-09T08:18:11.156876,2025-10-09T08:36:11.156876,2025-10-09T10:22:11.156876,38,144,32.6,FALSE,completed,4
DISP-1759993091-6397,ATM-00024,ENG-022,cash_dispenser,low,2025-10-09T07:58:11.156876,2025-10-09T08:09:11.156876,2025-10-09T09:00:11.156876,2025-10-09T10:15:11.156876,62,137,10,FALSE,completed,3
DISP-1759993091-5303,ATM-00030,ENG-004,network,urgent,2025-10-09T07:58:11.156876,2025-10-09T08:35:11.156876,2025-10-09T09:02:11.156876,2025-10-09T09:40:11.156876,64,102,11.5,TRUE,completed,4
DISP-1759993091-1596,ATM-00037,ENG-003,printer,normal,2025-10-09T07:58:11.156876,2025-10-09T08:43:11.156876,2025-10-09T09:14:11.156876,2025-10-09T08:28:11.156876,76,30,7.8,TRUE,completed,5
DISP-1759993091-7316,ATM-00052,ENG-020,cash_dispenser,normal,2025-10-09T07:58:11.156876,2025-10-09T08:17:11.156876,2025-10-09T08:34:11.156876,2025-10-09T08:50:11.156876,36,52,9.3,TRUE,failed,5
DISP-1759993091-8612,ATM-00057,ENG-007,network,urgent,2025-10-09T07:58:11.156876,2025-10-09T08:04:11.156876,2025-10-09T08:48:11.156876,2025-10-09T09:39:11.156876,50,101,20.4,TRUE,completed,3
DISP-1759993091-5105,ATM-00063,ENG-012,cash_dispenser,low,2025-10-09T07:58:11.156876,2025-10-09T08:17:11.156876,2025-10-09T09:28:11.156876,2025-10-09T10:03:11.156876,90,125,32.7,TRUE,completed,4
DISP-1759993091-1225,ATM-00072,ENG-017,network,urgent,2025-10-09T07:58:11.156876,2025-10-09T08:41:11.156876,2025-10-09T10:09:11.156876,2025-10-09T09:49:11.156876,131,111,12.5,TRUE,completed,4
DISP-1759993091-6014,ATM-00082,ENG-021,card_reader,urgent,2025-10-09T07:58:11.156876,2025-10-09T08:34:11.156876,2025-10-09T09:36:11.156876,2025-10-09T09:09:11.156876,98,71,25,FALSE,completed,3
DISP-1759993091-7866,ATM-00092,ENG-004,cash_dispenser,urgent,2025-10-09T07:58:11.156876,2025-10-09T08:39:11.156876,2025-10-09T08:54:11.156876,2025-10-09T08:58:11.156876,56,60,21.9,TRUE,completed,5
DISP-1759906691-3510,ATM-00011,ENG-002,cash_dispenser,normal,2025-10-08T07:58:11.156876,2025-10-08T08:22:11.156876,2025-10-08T09:22:11.156876,2025-10-08T08:51:11.156876,84,53,19.2,TRUE,completed,4
DISP-1759906691-7365,ATM-00016,ENG-002,card_reader,urgent,2025-10-08T07:58:11.156876,2025-10-08T08:07:11.156876,2025-10-08T08:28:11.156876,2025-10-08T09:04:11.156876,30,66,12.9,TRUE,completed,4
DISP-1759906691-1708,ATM-00016,ENG-011,cash_dispenser,urgent,2025-10-08T07:58:11.156876,2025-10-08T08:26:11.156876,2025-10-08T09:37:11.156876,2025-10-08T08:51:11.156876,99,53,4.7,TRUE,completed,3
DISP-1759906691-2132,ATM-00017,ENG-001,cash_dispenser,normal,2025-10-08T07:58:11.156876,2025-10-08T08:17:11.156876,2025-10-08T09:25:11.156876,2025-10-08T08:22:11.156876,87,24,11.9,TRUE,completed,4
DISP-1759906691-9389,ATM-00026,ENG-023,cash_dispenser,low,2025-10-08T07:58:11.156876,2025-10-08T08:17:11.156876,2025-10-08T08:34:11.156876,2025-10-08T10:22:11.156876,36,144,11.3,TRUE,completed,5
DISP-1759906691-5845,ATM-00057,ENG-018,network,urgent,2025-10-08T07:58:11.156876,2025-10-08T08:13:11.156876,2025-10-08T09:18:11.156876,2025-10-08T09:36:11.156876,80,98,10.9,TRUE,completed,3
DISP-1759906691-9708,ATM-00085,ENG-012,cash_dispenser,normal,2025-10-08T07:58:11.156876,2025-10-08T08:23:11.156876,2025-10-08T08:39:11.156876,2025-10-08T08:34:11.156876,41,36,11.3,FALSE,completed,4
DISP-1759906691-5939,ATM-00089,ENG-001,printer,normal,2025-10-08T07:58:11.156876,2025-10-08T08:14:11.156876,2025-10-08T08:56:11.156876,2025-10-08T08:33:11.156876,58,35,18.9,TRUE,completed,4
DISP-1759906691-2812,ATM-00090,ENG-023,cash_dispenser,normal,2025-10-08T07:58:11.156876,2025-10-08T08:11:11.156876,2025-10-08T09:05:11.156876,2025-10-08T08:35:11.156876,67,37,25.8,TRUE,failed,4
DISP-1759906691-6367,ATM-00100,ENG-023,network,urgent,2025-10-08T07:58:11.156876,2025-10-08T08:41:11.156876,2025-10-08T09:09:11.156876,2025-10-08T09:29:11.156876,71,91,19.6,TRUE,completed,5
DISP-1759820291-3852,ATM-00002,ENG-028,printer,normal,2025-10-07T07:58:11.156876,2025-10-07T08:04:11.156876,2025-10-07T09:08:11.156876,2025-10-07T08:24:11.156876,70,26,29.5,TRUE,completed,3
DISP-1759820291-7044,ATM-00009,ENG-022,card_reader,urgent,2025-10-07T07:58:11.156876,2025-10-07T08:20:11.156876,2025-10-07T08:56:11.156876,2025-10-07T09:05:11.156876,58,67,16.9,FALSE,completed,3
DISP-1759820291-5769,ATM-00013,ENG-016,card_reader,urgent,2025-10-07T07:58:11.156876,2025-10-07T08:12:11.156876,2025-10-07T09:10:11.156876,2025-10-07T09:25:11.156876,72,87,13.8,TRUE,completed,4
DISP-1759820291-3282,ATM-00020,ENG-030,cash_dispenser,normal,2025-10-07T07:58:11.156876,2025-10-07T08:43:11.156876,2025-10-07T10:06:11.156876,2025-10-07T08:54:11.156876,128,56,19.3,FALSE,completed,3
DISP-1759820291-7427,ATM-00026,ENG-021,cash_dispenser,low,2025-10-07T07:58:11.156876,2025-10-07T08:41:11.156876,2025-10-07T09:51:11.156876,2025-10-07T09:54:11.156876,113,116,8.1,TRUE,completed,3
DISP-1759820291-2625,ATM-00030,ENG-028,network,urgent,2025-10-07T07:58:11.156876,2025-10-07T08:31:11.156876,2025-10-07T09:06:11.156876,2025-10-07T09:50:11.156876,68,112,18,TRUE,completed,3
DISP-1759820291-2425,ATM-00044,ENG-007,cash_dispenser,urgent,2025-10-07T07:58:11.156876,2025-10-07T08:04:11.156876,2025-10-07T08:57:11.156876,2025-10-07T08:51:11.156876,59,53,15.4,TRUE,completed,3
DISP-1759820291-3885,ATM-00054,ENG-008,cash_dispenser,low,2025-10-07T07:58:11.156876,2025-10-07T08:25:11.156876,2025-10-07T09:10:11.156876,2025-10-07T09:49:11.156876,72,111,31.7,TRUE,completed,3
DISP-1759820291-3067,ATM-00055,ENG-014,cash_dispenser,urgent,2025-10-07T07:58:11.156876,2025-10-07T08:28:11.156876,2025-10-07T09:11:11.156876,2025-10-07T08:32:11.156876,73,34,29,TRUE,failed,3
DISP-1759820291-3570,ATM-00062,ENG-004,card_reader,urgent,2025-10-07T07:58:11.156876,2025-10-07T08:17:11.156876,2025-10-07T09:47:11.156876,2025-10-07T09:00:11.156876,109,62,18.5,TRUE,completed,4
DISP-1759820291-3477,ATM-00062,ENG-018,printer,normal,2025-10-07T07:58:11.156876,2025-10-07T08:03:11.156876,2025-10-07T08:41:11.156876,2025-10-07T08:22:11.156876,43,24,3.5,FALSE,completed,3
DISP-1759820291-4989,ATM-00065,ENG-001,network,urgent,2025-10-07T07:58:11.156876,2025-10-07T08:39:11.156876,2025-10-07T09:24:11.156876,2025-10-07T09:36:11.156876,86,98,9,TRUE,completed,4
DISP-1759820291-1033,ATM-00100,ENG-024,cash_dispenser,normal,2025-10-07T07:58:11.156876,2025-10-07T08:08:11.156876,2025-10-07T08:30:11.156876,2025-10-07T08:17:11.156876,32,19,3.9,FALSE,completed,5
DISP-1759733891-2629,ATM-00006,ENG-025,card_reader,urgent,2025-10-06T07:58:11.156876,2025-10-06T08:24:11.156876,2025-10-06T09:34:11.156876,2025-10-06T08:45:11.156876,96,47,14.4,FALSE,completed,5
DISP-1759733891-2048,ATM-00017,ENG-014,card_reader,urgent,2025-10-06T07:58:11.156876,2025-10-06T08:20:11.156876,2025-10-06T09:38:11.156876,2025-10-06T09:23:11.156876,100,85,19,TRUE,failed,4
DISP-1759733891-3336,ATM-00020,ENG-021,cash_dispenser,normal,2025-10-06T07:58:11.156876,2025-10-06T08:03:11.156876,2025-10-06T09:15:11.156876,2025-10-06T08:38:11.156876,77,40,9.5,FALSE,completed,5
DISP-1759733891-4839,ATM-00027,ENG-027,cash_dispenser,urgent,2025-10-06T07:58:11.156876,2025-10-06T08:16:11.156876,2025-10-06T08:48:11.156876,2025-10-06T09:07:11.156876,50,69,4.7,TRUE,completed,4
DISP-1759733891-5667,ATM-00055,ENG-014,network,urgent,2025-10-06T07:58:11.156876,2025-10-06T08:37:11.156876,2025-10-06T09:01:11.156876,2025-10-06T09:43:11.156876,63,105,12.9,FALSE,completed,3
DISP-1759733891-2937,ATM-00064,ENG-003,network,urgent,2025-10-06T07:58:11.156876,2025-10-06T08:31:11.156876,2025-10-06T08:47:11.156876,2025-10-06T09:31:11.156876,49,93,22.3,TRUE,completed,5
DISP-1759733891-2315,ATM-00072,ENG-021,network,urgent,2025-10-06T07:58:11.156876,2025-10-06T08:42:11.156876,2025-10-06T09:10:11.156876,2025-10-06T09:45:11.156876,72,107,24.1,TRUE,completed,4
DISP-1759733891-1957,ATM-00076,ENG-009,cash_dispenser,low,2025-10-06T07:58:11.156876,2025-10-06T08:30:11.156876,2025-10-06T09:28:11.156876,2025-10-06T10:10:11.156876,90,132,13.4,TRUE,completed,4
DISP-1759733891-1434,ATM-00077,ENG-001,cash_dispenser,low,2025-10-06T07:58:11.156876,2025-10-06T08:07:11.156876,2025-10-06T08:38:11.156876,2025-10-06T09:47:11.156876,40,109,27.9,FALSE,completed,5
DISP-1759733891-9969,ATM-00085,ENG-030,cash_dispenser,low,2025-10-06T07:58:11.156876,2025-10-06T08:23:11.156876,2025-10-06T09:39:11.156876,2025-10-06T10:08:11.156876,101,130,3.8,TRUE,completed,5
DISP-1759733891-3163,ATM-00088,ENG-019,printer,normal,2025-10-06T07:58:11.156876,2025-10-06T08:06:11.156876,2025-10-06T08:40:11.156876,2025-10-06T08:46:11.156876,42,48,10.1,TRUE,completed,5
DISP-1759733891-1393,ATM-00088,ENG-015,printer,normal,2025-10-06T07:58:11.156876,2025-10-06T08:38:11.156876,2025-10-06T09:49:11.156876,2025-10-06T08:11:11.156876,111,13,14.8,TRUE,completed,3
DISP-1759733891-3219,ATM-00090,ENG-028,cash_dispenser,low,2025-10-06T07:58:11.156876,2025-10-06T08:24:11.156876,2025-10-06T09:10:11.156876,2025-10-06T10:21:11.156876,72,143,7,TRUE,completed,4
DISP-1759733891-2173,ATM-00092,ENG-015,cash_dispenser,urgent,2025-10-06T07:58:11.156876,2025-10-06T08:40:11.156876,2025-10-06T09:14:11.156876,2025-10-06T08:30:11.156876,76,32,30.7,TRUE,completed,5
DISP-1759647491-7023,ATM-00004,ENG-023,printer,normal,2025-10-05T07:58:11.156876,2025-10-05T08:21:11.156876,2025-10-05T09:41:11.156876,2025-10-05T08:21:11.156876,103,23,15.7,TRUE,completed,4
DISP-1759647491-4154,ATM-00012,ENG-014,printer,normal,2025-10-05T07:58:11.156876,2025-10-05T08:12:11.156876,2025-10-05T09:06:11.156876,2025-10-05T08:52:11.156876,68,54,2.7,FALSE,completed,4
DISP-1759647491-9812,ATM-00013,ENG-028,card_reader,urgent,2025-10-05T07:58:11.156876,2025-10-05T08:24:11.156876,2025-10-05T09:10:11.156876,2025-10-05T08:48:11.156876,72,50,20.6,TRUE,completed,5
DISP-1759647491-3346,ATM-00014,ENG-016,cash_dispenser,normal,2025-10-05T07:58:11.156876,2025-10-05T08:07:11.156876,2025-10-05T08:48:11.156876,2025-10-05T08:19:11.156876,50,21,10.6,TRUE,completed,5
DISP-1759647491-4419,ATM-00016,ENG-001,cash_dispenser,normal,2025-10-05T07:58:11.156876,2025-10-05T08:27:11.156876,2025-10-05T09:30:11.156876,2025-10-05T08:58:11.156876,92,60,6.2,TRUE,failed,5
DISP-1759647491-9042,ATM-00029,ENG-029,cash_dispenser,urgent,2025-10-05T07:58:11.156876,2025-10-05T08:19:11.156876,2025-10-05T08:47:11.156876,2025-10-05T08:58:11.156876,49,60,23.8,FALSE,completed,4
DISP-1759647491-2172,ATM-00041,ENG-007,cash_dispenser,urgent,2025-10-05T07:58:11.156876,2025-10-05T08:24:11.156876,2025-10-05T09:51:11.156876,2025-10-05T08:52:11.156876,113,54,31.1,TRUE,completed,5
DISP-1759647491-2544,ATM-00053,ENG-002,cash_dispenser,low,2025-10-05T07:58:11.156876,2025-10-05T08:11:11.156876,2025-10-05T08:31:11.156876,2025-10-05T10:20:11.156876,33,142,5.2,FALSE,completed,4
DISP-1759647491-8011,ATM-00059,ENG-007,cash_dispenser,normal,2025-10-05T07:58:11.156876,2025-10-05T08:25:11.156876,2025-10-05T09:00:11.156876,2025-10-05T08:29:11.156876,62,31,15,FALSE,completed,3
DISP-1759647491-3367,ATM-00067,ENG-008,printer,normal,2025-10-05T07:58:11.156876,2025-10-05T08:26:11.156876,2025-10-05T08:49:11.156876,2025-10-05T08:42:11.156876,51,44,18.1,TRUE,completed,4
DISP-1759647491-9011,ATM-00077,ENG-005,printer,normal,2025-10-05T07:58:11.156876,2025-10-05T08:17:11.156876,2025-10-05T09:03:11.156876,2025-10-05T08:09:11.156876,65,11,33.4,TRUE,completed,4
DISP-1759647491-7729,ATM-00089,ENG-022,card_reader,urgent,2025-10-05T07:58:11.156876,2025-10-05T08:42:11.156876,2025-10-05T09:57:11.156876,2025-10-05T08:52:11.156876,119,54,10.6,TRUE,completed,4
DISP-1759647491-5565,ATM-00091,ENG-015,card_reader,urgent,2025-10-05T07:58:11.156876,2025-10-05T08:13:11.156876,2025-10-05T08:49:11.156876,2025-10-05T09:11:11.156876,51,73,28.9,TRUE,completed,3
DISP-1759647491-7664,ATM-00092,ENG-019,card_reader,urgent,2025-10-05T07:58:11.156876,2025-10-05T08:04:11.156876,2025-10-05T08:58:11.156876,2025-10-05T09:23:11.156876,60,85,22.6,TRUE,failed,5
DISP-1759647491-7861,ATM-00094,ENG-010,printer,normal,2025-10-05T07:58:11.156876,2025-10-05T08:11:11.156876,2025-10-05T09:38:11.156876,2025-10-05T08:46:11.156876,100,48,12.8,TRUE,completed,3
DISP-1759561091-7909,ATM-00003,ENG-017,cash_dispenser,normal,2025-10-04T07:58:11.156876,2025-10-04T08:12:11.156876,2025-10-04T08:33:11.156876,2025-10-04T08:45:11.156876,35,47,27.3,TRUE,completed,5
DISP-1759561091-4791,ATM-00006,ENG-016,cash_dispenser,low,2025-10-04T07:58:11.156876,2025-10-04T08:34:11.156876,2025-10-04T09:11:11.156876,2025-10-04T10:27:11.156876,73,149,26.4,TRUE,completed,5
DISP-1759561091-5412,ATM-00015,ENG-009,cash_dispenser,low,2025-10-04T07:58:11.156876,2025-10-04T08:16:11.156876,2025-10-04T09:03:11.156876,2025-10-04T10:24:11.156876,65,146,30.6,FALSE,completed,4
DISP-1759561091-1072,ATM-00017,ENG-018,cash_dispenser,low,2025-10-04T07:58:11.156876,2025-10-04T08:30:11.156876,2025-10-04T09:32:11.156876,2025-10-04T10:04:11.156876,94,126,8.1,TRUE,completed,4
DISP-1759561091-1102,ATM-00023,ENG-017,card_reader,urgent,2025-10-04T07:58:11.156876,2025-10-04T08:32:11.156876,2025-10-04T09:57:11.156876,2025-10-04T09:08:11.156876,119,70,11.5,TRUE,completed,5
DISP-1759561091-7120,ATM-00034,ENG-027,printer,normal,2025-10-04T07:58:11.156876,2025-10-04T08:32:11.156876,2025-10-04T09:04:11.156876,2025-10-04T08:18:11.156876,66,20,5.8,TRUE,completed,3
DISP-1759561091-4335,ATM-00034,ENG-009,cash_dispenser,urgent,2025-10-04T07:58:11.156876,2025-10-04T08:32:11.156876,2025-10-04T08:50:11.156876,2025-10-04T08:43:11.156876,52,45,9.6,TRUE,completed,4
DISP-1759561091-3359,ATM-00035,ENG-021,printer,normal,2025-10-04T07:58:11.156876,2025-10-04T08:31:11.156876,2025-10-04T09:57:11.156876,2025-10-04T08:31:11.156876,119,33,27.5,FALSE,completed,3
DISP-1759561091-5419,ATM-00054,ENG-008,card_reader,urgent,2025-10-04T07:58:11.156876,2025-10-04T08:06:11.156876,2025-10-04T09:33:11.156876,2025-10-04T09:21:11.156876,95,83,12.4,TRUE,completed,4
DISP-1759561091-7478,ATM-00058,ENG-024,printer,normal,2025-10-04T07:58:11.156876,2025-10-04T08:31:11.156876,2025-10-04T08:47:11.156876,2025-10-04T08:15:11.156876,49,17,8.5,TRUE,completed,5
DISP-1759561091-1071,ATM-00063,ENG-013,cash_dispenser,urgent,2025-10-04T07:58:11.156876,2025-10-04T08:30:11.156876,2025-10-04T09:10:11.156876,2025-10-04T08:54:11.156876,72,56,5.7,TRUE,completed,3
DISP-1759561091-9486,ATM-00088,ENG-021,cash_dispenser,normal,2025-10-04T07:58:11.156876,2025-10-04T08:04:11.156876,2025-10-04T08:25:11.156876,2025-10-04T08:21:11.156876,27,23,11.6,TRUE,completed,4
DISP-1759561091-4352,ATM-00096,ENG-018,printer,normal,2025-10-04T07:58:11.156876,2025-10-04T08:37:11.156876,2025-10-04T09:18:11.156876,2025-10-04T08:40:11.156876,80,42,34.8,FALSE,completed,5
DISP-1759561091-1375,ATM-00097,ENG-007,network,urgent,2025-10-04T07:58:11.156876,2025-10-04T08:39:11.156876,2025-10-04T09:42:11.156876,2025-10-04T09:22:11.156876,104,84,33.3,TRUE,failed,5
DISP-1759474691-9171,ATM-00005,ENG-008,printer,normal,2025-10-03T07:58:11.156876,2025-10-03T08:37:11.156876,2025-10-03T09:43:11.156876,2025-10-03T08:51:11.156876,105,53,25.9,TRUE,completed,4
DISP-1759474691-5148,ATM-00011,ENG-022,cash_dispenser,urgent,2025-10-03T07:58:11.156876,2025-10-03T08:03:11.156876,2025-10-03T09:00:11.156876,2025-10-03T08:53:11.156876,62,55,22,FALSE,completed,5
DISP-1759474691-7069,ATM-00024,ENG-008,card_reader,urgent,2025-10-03T07:58:11.156876,2025-10-03T08:11:11.156876,2025-10-03T08:29:11.156876,2025-10-03T08:58:11.156876,31,60,32.3,FALSE,completed,3
DISP-1759474691-3385,ATM-00025,ENG-001,network,urgent,2025-10-03T07:58:11.156876,2025-10-03T08:10:11.156876,2025-10-03T08:49:11.156876,2025-10-03T09:58:11.156876,51,120,10.6,TRUE,completed,5
DISP-1759474691-1817,ATM-00032,ENG-022,cash_dispenser,urgent,2025-10-03T07:58:11.156876,2025-10-03T08:16:11.156876,2025-10-03T09:18:11.156876,2025-10-03T08:48:11.156876,80,50,29.2,TRUE,completed,3
DISP-1759474691-5780,ATM-00032,ENG-005,cash_dispenser,normal,2025-10-03T07:58:11.156876,2025-10-03T08:09:11.156876,2025-10-03T09:06:11.156876,2025-10-03T08:41:11.156876,68,43,14.9,TRUE,completed,5
DISP-1759474691-1799,ATM-00050,ENG-021,printer,normal,2025-10-03T07:58:11.156876,2025-10-03T08:06:11.156876,2025-10-03T09:30:11.156876,2025-10-03T08:33:11.156876,92,35,9.2,TRUE,completed,5
DISP-1759474691-5182,ATM-00052,ENG-001,cash_dispenser,urgent,2025-10-03T07:58:11.156876,2025-10-03T08:05:11.156876,2025-10-03T08:56:11.156876,2025-10-03T09:04:11.156876,58,66,23.1,FALSE,completed,3
DISP-1759474691-7646,ATM-00058,ENG-010,cash_dispenser,urgent,2025-10-03T07:58:11.156876,2025-10-03T08:07:11.156876,2025-10-03T09:06:11.156876,2025-10-03T08:36:11.156876,68,38,14.7,TRUE,completed,3
DISP-1759474691-9559,ATM-00065,ENG-004,printer,normal,2025-10-03T07:58:11.156876,2025-10-03T08:24:11.156876,2025-10-03T09:03:11.156876,2025-10-03T08:14:11.156876,65,16,22.9,FALSE,completed,3
DISP-1759474691-8505,ATM-00069,ENG-003,printer,normal,2025-10-03T07:58:11.156876,2025-10-03T08:33:11.156876,2025-10-03T09:27:11.156876,2025-10-03T08:51:11.156876,89,53,12.6,TRUE,completed,5
DISP-1759474691-2689,ATM-00083,ENG-009,card_reader,urgent,2025-10-03T07:58:11.156876,2025-10-03T08:43:11.156876,2025-10-03T08:59:11.156876,2025-10-03T09:19:11.156876,61,81,32.4,TRUE,completed,4
DISP-1759474691-8979,ATM-00087,ENG-002,network,urgent,2025-10-03T07:58:11.156876,2025-10-03T08:31:11.156876,2025-10-03T09:00:11.156876,2025-10-03T09:24:11.156876,62,86,29.7,TRUE,completed,3
DISP-1759474691-3535,ATM-00096,ENG-008,card_reader,urgent,2025-10-03T07:58:11.156876,2025-10-03T08:41:11.156876,2025-10-03T09:00:11.156876,2025-10-03T09:12:11.156876,62,74,31.3,TRUE,completed,4
DISP-1759474691-4345,ATM-00099,ENG-030,network,urgent,2025-10-03T07:58:11.156876,2025-10-03T08:41:11.156876,2025-10-03T10:03:11.156876,2025-10-03T09:38:11.156876,125,100,18,FALSE,completed,4
DISP-1759388291-7951,ATM-00006,ENG-004,printer,normal,2025-10-02T07:58:11.156876,2025-10-02T08:36:11.156876,2025-10-02T09:40:11.156876,2025-10-02T08:48:11.156876,102,50,34.4,TRUE,completed,3
DISP-1759388291-8700,ATM-00010,ENG-023,cash_dispenser,low,2025-10-02T07:58:11.156876,2025-10-02T08:39:11.156876,2025-10-02T10:07:11.156876,2025-10-02T10:22:11.156876,129,144,29.3,TRUE,completed,5
DISP-1759388291-4263,ATM-00016,ENG-018,cash_dispenser,low,2025-10-02T07:58:11.156876,2025-10-02T08:36:11.156876,2025-10-02T09:16:11.156876,2025-10-02T09:57:11.156876,78,119,7.3,FALSE,completed,5
DISP-1759388291-6453,ATM-00016,ENG-005,cash_dispenser,low,2025-10-02T07:58:11.156876,2025-10-02T08:23:11.156876,2025-10-02T08:41:11.156876,2025-10-02T09:44:11.156876,43,106,34,TRUE,completed,4
DISP-1759388291-2097,ATM-00018,ENG-021,printer,normal,2025-10-02T07:58:11.156876,2025-10-02T08:25:11.156876,2025-10-02T09:49:11.156876,2025-10-02T08:42:11.156876,111,44,21.4,TRUE,completed,3
DISP-1759388291-5045,ATM-00026,ENG-011,cash_dispenser,low,2025-10-02T07:58:11.156876,2025-10-02T08:37:11.156876,2025-10-02T09:39:11.156876,2025-10-02T10:25:11.156876,101,147,14,FALSE,completed,5
DISP-1759388291-3672,ATM-00036,ENG-005,network,urgent,2025-10-02T07:58:11.156876,2025-10-02T08:40:11.156876,2025-10-02T10:00:11.156876,2025-10-02T09:23:11.156876,122,85,11.3,TRUE,completed,3
DISP-1759388291-6491,ATM-00052,ENG-005,cash_dispenser,low,2025-10-02T07:58:11.156876,2025-10-02T08:32:11.156876,2025-10-02T09:48:11.156876,2025-10-02T09:45:11.156876,110,107,20.5,FALSE,completed,4
DISP-1759388291-9979,ATM-00054,ENG-025,printer,normal,2025-10-02T07:58:11.156876,2025-10-02T08:30:11.156876,2025-10-02T09:39:11.156876,2025-10-02T08:12:11.156876,101,14,18,TRUE,completed,3
DISP-1759388291-9444,ATM-00069,ENG-030,network,urgent,2025-10-02T07:58:11.156876,2025-10-02T08:03:11.156876,2025-10-02T08:37:11.156876,2025-10-02T09:20:11.156876,39,82,13.3,FALSE,completed,3
DISP-1759388291-8045,ATM-00077,ENG-030,printer,normal,2025-10-02T07:58:11.156876,2025-10-02T08:33:11.156876,2025-10-02T09:37:11.156876,2025-10-02T08:30:11.156876,99,32,21.6,TRUE,completed,4
DISP-1759388291-2003,ATM-00094,ENG-009,cash_dispenser,urgent,2025-10-02T07:58:11.156876,2025-10-02T08:07:11.156876,2025-10-02T09:09:11.156876,2025-10-02T09:05:11.156876,71,67,7.4,FALSE,completed,4
DISP-1759388291-4908,ATM-00096,ENG-009,card_reader,urgent,2025-10-02T07:58:11.156876,2025-10-02T08:30:11.156876,2025-10-02T08:58:11.156876,2025-10-02T09:20:11.156876,60,82,2.1,TRUE,completed,3
DISP-1759388291-8731,ATM-00097,ENG-009,cash_dispenser,low,2025-10-02T07:58:11.156876,2025-10-02T08:37:11.156876,2025-10-02T10:04:11.156876,2025-10-02T10:11:11.156876,126,133,6.1,TRUE,completed,4
DISP-1759301891-3734,ATM-00006,ENG-001,printer,normal,2025-10-01T07:58:11.156876,2025-10-01T08:17:11.156876,2025-10-01T09:43:11.156876,2025-10-01T08:25:11.156876,105,27,33.4,TRUE,completed,5
DISP-1759301891-9212,ATM-00007,ENG-011,printer,normal,2025-10-01T07:58:11.156876,2025-10-01T08:10:11.156876,2025-10-01T08:40:11.156876,2025-10-01T08:13:11.156876,42,15,11.7,TRUE,completed,4
DISP-1759301891-4250,ATM-00007,ENG-022,cash_dispenser,normal,2025-10-01T07:58:11.156876,2025-10-01T08:35:11.156876,2025-10-01T09:39:11.156876,2025-10-01T08:27:11.156876,101,29,2,TRUE,completed,3
DISP-1759301891-1787,ATM-00013,ENG-018,printer,normal,2025-10-01T07:58:11.156876,2025-10-01T08:12:11.156876,2025-10-01T08:36:11.156876,2025-10-01T08:11:11.156876,38,13,29.3,TRUE,completed,3
DISP-1759301891-9009,ATM-00014,ENG-021,printer,normal,2025-10-01T07:58:11.156876,2025-10-01T08:21:11.156876,2025-10-01T09:13:11.156876,2025-10-01T08:18:11.156876,75,20,9.1,TRUE,completed,5
DISP-1759301891-8694,ATM-00021,ENG-027,printer,normal,2025-10-01T07:58:11.156876,2025-10-01T08:33:11.156876,2025-10-01T09:45:11.156876,2025-10-01T08:40:11.156876,107,42,5.1,TRUE,failed,5
DISP-1759301891-8778,ATM-00023,ENG-003,card_reader,urgent,2025-10-01T07:58:11.156876,2025-10-01T08:30:11.156876,2025-10-01T09:00:11.156876,2025-10-01T08:49:11.156876,62,51,5.6,TRUE,completed,4
DISP-1759301891-8458,ATM-00025,ENG-007,card_reader,urgent,2025-10-01T07:58:11.156876,2025-10-01T08:28:11.156876,2025-10-01T09:34:11.156876,2025-10-01T09:03:11.156876,96,65,15.4,FALSE,completed,5
DISP-1759301891-4842,ATM-00032,ENG-008,cash_dispenser,normal,2025-10-01T07:58:11.156876,2025-10-01T08:27:11.156876,2025-10-01T09:49:11.156876,2025-10-01T08:48:11.156876,111,50,8.4,TRUE,completed,5
DISP-1759301891-3645,ATM-00040,ENG-020,card_reader,urgent,2025-10-01T07:58:11.156876,2025-10-01T08:26:11.156876,2025-10-01T09:00:11.156876,2025-10-01T08:52:11.156876,62,54,32.9,TRUE,failed,5
DISP-1759301891-4215,ATM-00046,ENG-024,cash_dispenser,low,2025-10-01T07:58:11.156876,2025-10-01T08:27:11.156876,2025-10-01T09:28:11.156876,2025-10-01T10:21:11.156876,90,143,27.8,TRUE,failed,3
DISP-1759301891-2244,ATM-00053,ENG-025,card_reader,urgent,2025-10-01T07:58:11.156876,2025-10-01T08:11:11.156876,2025-10-01T08:37:11.156876,2025-10-01T09:13:11.156876,39,75,27.1,FALSE,completed,3
DISP-1759301891-6928,ATM-00054,ENG-019,cash_dispenser,urgent,2025-10-01T07:58:11.156876,2025-10-01T08:32:11.156876,2025-10-01T08:49:11.156876,2025-10-01T09:09:11.156876,51,71,24.9,TRUE,completed,3
DISP-1759301891-9074,ATM-00065,ENG-018,card_reader,urgent,2025-10-01T07:58:11.156876,2025-10-01T08:10:11.156876,2025-10-01T09:07:11.156876,2025-10-01T09:18:11.156876,69,80,28,TRUE,completed,4
DISP-1759301891-1718,ATM-00074,ENG-012,cash_dispenser,urgent,2025-10-01T07:58:11.156876,2025-10-01T08:05:11.156876,2025-10-01T08:32:11.156876,2025-10-01T08:40:11.156876,34,42,4.3,TRUE,completed,4
DISP-1759301891-9256,ATM-00075,ENG-012,printer,normal,2025-10-01T07:58:11.156876,2025-10-01T08:03:11.156876,2025-10-01T08:21:11.156876,2025-10-01T08:41:11.156876,23,43,3.1,TRUE,completed,5
DISP-1759301891-8679,ATM-00076,ENG-020,network,urgent,2025-10-01T07:58:11.156876,2025-10-01T08:16:11.156876,2025-10-01T09:04:11.156876,2025-10-01T09:30:11.156876,66,92,32,TRUE,completed,3
DISP-1759301891-5735,ATM-00088,ENG-003,cash_dispenser,normal,2025-10-01T07:58:11.156876,2025-10-01T08:17:11.156876,2025-10-01T09:12:11.156876,2025-10-01T08:31:11.156876,74,33,18.8,TRUE,completed,3
DISP-1759301891-2766,ATM-00099,ENG-009,printer,normal,2025-10-01T07:58:11.156876,2025-10-01T08:41:11.156876,2025-10-01T09:19:11.156876,2025-10-01T08:27:11.156876,81,29,11.4,TRUE,completed,4
DISP-1759301891-9279,ATM-00100,ENG-028,cash_dispenser,urgent,2025-10-01T07:58:11.156876,2025-10-01T08:27:11.156876,2025-10-01T09:13:11.156876,2025-10-01T08:42:11.156876,75,44,32.5,TRUE,completed,4
DISP-1759215491-1375,ATM-00005,ENG-016,network,urgent,2025-09-30T07:58:11.156876,2025-09-30T08:18:11.156876,2025-09-30T08:52:11.156876,2025-09-30T09:55:11.156876,54,117,30.9,FALSE,failed,4
DISP-1759215491-7935,ATM-00006,ENG-012,printer,normal,2025-09-30T07:58:11.156876,2025-09-30T08:11:11.156876,2025-09-30T09:18:11.156876,2025-09-30T08:05:11.156876,80,7,14,TRUE,completed,4
DISP-1759215491-5323,ATM-00014,ENG-004,printer,normal,2025-09-30T07:58:11.156876,2025-09-30T08:37:11.156876,2025-09-30T09:34:11.156876,2025-09-30T07:59:11.156876,96,1,30.3,TRUE,completed,5
DISP-1759215491-5752,ATM-00028,ENG-008,printer,normal,2025-09-30T07:58:11.156876,2025-09-30T08:34:11.156876,2025-09-30T09:05:11.156876,2025-09-30T08:51:11.156876,67,53,2.1,TRUE,completed,5
DISP-1759215491-9947,ATM-00031,ENG-023,cash_dispenser,low,2025-09-30T07:58:11.156876,2025-09-30T08:12:11.156876,2025-09-30T08:29:11.156876,2025-09-30T09:55:11.156876,31,117,14.9,FALSE,completed,5
DISP-1759215491-6236,ATM-00044,ENG-014,cash_dispenser,urgent,2025-09-30T07:58:11.156876,2025-09-30T08:27:11.156876,2025-09-30T08:44:11.156876,2025-09-30T08:28:11.156876,46,30,4.8,FALSE,completed,4
DISP-1759215491-9118,ATM-00060,ENG-022,printer,normal,2025-09-30T07:58:11.156876,2025-09-30T08:16:11.156876,2025-09-30T08:49:11.156876,2025-09-30T08:38:11.156876,51,40,31,TRUE,completed,5
DISP-1759215491-4841,ATM-00060,ENG-022,card_reader,urgent,2025-09-30T07:58:11.156876,2025-09-30T08:06:11.156876,2025-09-30T08:46:11.156876,2025-09-30T09:22:11.156876,48,84,12.6,TRUE,completed,3
DISP-1759215491-1210,ATM-00064,ENG-004,cash_dispenser,urgent,2025-09-30T07:58:11.156876,2025-09-30T08:27:11.156876,2025-09-30T09:07:11.156876,2025-09-30T08:35:11.156876,69,37,5,FALSE,completed,5
DISP-1759215491-4846,ATM-00065,ENG-024,network,urgent,2025-09-30T07:58:11.156876,2025-09-30T08:06:11.156876,2025-09-30T09:28:11.156876,2025-09-30T09:57:11.156876,90,119,4.2,TRUE,completed,3
DISP-1759215491-1734,ATM-00072,ENG-026,card_reader,urgent,2025-09-30T07:58:11.156876,2025-09-30T08:22:11.156876,2025-09-30T09:45:11.156876,2025-09-30T09:10:11.156876,107,72,7.7,TRUE,failed,4
DISP-1759215491-6490,ATM-00074,ENG-003,card_reader,urgent,2025-09-30T07:58:11.156876,2025-09-30T08:20:11.156876,2025-09-30T08:43:11.156876,2025-09-30T09:05:11.156876,45,67,19.9,TRUE,completed,5
DISP-1759215491-1808,ATM-00075,ENG-030,network,urgent,2025-09-30T07:58:11.156876,2025-09-30T08:06:11.156876,2025-09-30T08:50:11.156876,2025-09-30T09:32:11.156876,52,94,32.5,TRUE,completed,4
DISP-1759215491-4972,ATM-00077,ENG-022,cash_dispenser,urgent,2025-09-30T07:58:11.156876,2025-09-30T08:30:11.156876,2025-09-30T08:56:11.156876,2025-09-30T08:43:11.156876,58,45,27.4,TRUE,completed,5
DISP-1759215491-2349,ATM-00081,ENG-023,card_reader,urgent,2025-09-30T07:58:11.156876,2025-09-30T08:04:11.156876,2025-09-30T09:24:11.156876,2025-09-30T09:03:11.156876,86,65,6.6,FALSE,completed,5
